name,brand,barcode,category,calories,protein,carbs,fat,serving_size,unit,flavor,weight_kg,origin,source
Optimum Nutrition Gold Standard 100% Whey - Double Rich Chocolate 5lb,Optimum Nutrition,7.48927E+11,Whey Protein,120,24,3,1.5,31g,g,Double Rich Chocolate,2.27,USA,custom
Optimum Nutrition Gold Standard 100% Whey - Vanilla Ice Cream 5lb,Optimum Nutrition,7.48927E+11,Whey Protein,120,24,3,1.5,31g,g,Vanilla Ice Cream,2.27,USA,custom
Optimum Nutrition Gold Standard 100% Whey - Strawberry Banana 5lb,Optimum Nutrition,7.48927E+11,Whey Protein,120,24,3,1.5,31g,g,Strawberry Banana,2.27,USA,custom
Optimum Nutrition Gold Standard 100% Whey - Rocky Road 2lb,Optimum Nutrition,7.48927E+11,Whey Protein,120,24,3,1.5,31g,g,Rocky Road,0.91,USA,custom
Optimum Nutrition Gold Standard 100% Whey - Cookies & Cream 2lb,Optimum Nutrition,7.48927E+11,Whey Protein,120,24,3,1.5,31g,g,Cookies & Cream,0.91,USA,custom
MuscleTech NitroTech Whey Protein - Milk Chocolate 4lb,MuscleTech,6.31657E+11,Whey Protein,160,30,4,2.5,46g,g,Milk Chocolate,1.81,USA,custom
MuscleTech NitroTech Whey Protein - Vanilla 4lb,MuscleTech,6.31657E+11,Whey Protein,160,30,4,2.5,46g,g,Vanilla,1.81,USA,custom
MuscleTech NitroTech Whey Protein - Strawberry 4lb,MuscleTech,6.31657E+11,Whey Protein,160,30,4,2.5,46g,g,Strawberry,1.81,USA,custom
Dymatize ISO100 Hydrolyzed Whey - Gourmet Chocolate 5lb,Dymatize,7.05016E+11,Whey Protein Isolate,110,25,1,0.5,29g,g,Gourmet Chocolate,2.27,USA,custom
Dymatize ISO100 Hydrolyzed Whey - Gourmet Vanilla 5lb,Dymatize,7.05016E+11,Whey Protein Isolate,110,25,1,0.5,29g,g,Gourmet Vanilla,2.27,USA,custom
Dymatize ISO100 Hydrolyzed Whey - Fruity Pebbles 5lb,Dymatize,7.05016E+11,Whey Protein Isolate,110,25,1,0.5,29g,g,Fruity Pebbles,2.27,USA,custom
BSN SYNTHA-6 Protein Powder - Chocolate Milkshake 5lb,BSN,8.34266E+11,Whey Protein Blend,200,22,15,6,44g,g,Chocolate Milkshake,2.27,USA,custom
BSN SYNTHA-6 Protein Powder - Vanilla Ice Cream 5lb,BSN,8.34266E+11,Whey Protein Blend,200,22,15,6,44g,g,Vanilla Ice Cream,2.27,USA,custom
Ghost Whey Protein - Milk Chocolate 2lb,Ghost,8.5001E+11,Whey Protein,130,25,5,2,36g,g,Milk Chocolate,0.91,USA,custom
Ghost Whey Protein - Cereal Milk 2lb,Ghost,8.5001E+11,Whey Protein,130,25,5,2,36g,g,Cereal Milk,0.91,USA,custom
Ghost Whey Protein - Oreo 2lb,Ghost,8.5001E+11,Whey Protein,130,25,5,2,36g,g,Oreo,0.91,USA,custom
Isopure Zero Carb Protein Powder - Dutch Chocolate 3lb,Isopure,89094021009,Whey Protein Isolate,100,25,0,0,28g,g,Dutch Chocolate,1.36,USA,custom
Isopure Zero Carb Protein Powder - Creamy Vanilla 3lb,Isopure,89094021016,Whey Protein Isolate,100,25,0,0,28g,g,Creamy Vanilla,1.36,USA,custom
MuscleBlaze Whey Gold - Rich Chocolate 2kg,MuscleBlaze,8.90606E+12,Whey Protein,126,25,2.6,1.7,33g,g,Rich Chocolate,2,India,custom
MuscleBlaze Whey Gold - Raw Unflavoured 2kg,MuscleBlaze,8.90606E+12,Whey Protein,116,26,0.7,1.3,33g,g,Unflavoured,2,India,custom
MuscleBlaze Whey Gold - Cafe Mocha 1kg,MuscleBlaze,8.90606E+12,Whey Protein,126,25,2.6,1.7,33g,g,Cafe Mocha,1,India,custom
MyProtein Impact Whey Protein - Chocolate Brownie 2.5kg,MyProtein,5.05553E+12,Whey Protein,103,21,1.9,1.9,25g,g,Chocolate Brownie,2.5,UK,custom
MyProtein Impact Whey Protein - Unflavoured 2.5kg,MyProtein,5.05553E+12,Whey Protein,103,21,1.9,1.9,25g,g,Unflavoured,2.5,UK,custom
MyProtein Impact Whey Protein - Vanilla 1kg,MyProtein,5.05553E+12,Whey Protein,103,21,1.9,1.9,25g,g,Vanilla,1,UK,custom
Nakpro Gold 100% Whey Protein Concentrate - Chocolate 1kg,Nakpro,8.90608E+12,Whey Protein,125,24,3.5,2,33g,g,Chocolate,1,India,custom
AS-IT-IS Whey Protein Concentrate 80% Unflavoured 1kg,AS-IT-IS Nutrition,8.90605E+12,Whey Protein,120,24,2.5,2,30g,g,Unflavoured,1,India,custom
HealthKart HK Vitals 100% Whey Protein - Chocolate 1kg,HealthKart,8.90603E+12,Whey Protein,123,25,2.9,1.8,33g,g,Chocolate,1,India,custom
Labrada 100% Whey Protein - Vanilla 2lb,Labrada,7.10779E+11,Whey Protein,120,24,2,2,30g,g,Vanilla,0.91,USA,custom
Six Star Pro Nutrition Whey Protein - Triple Chocolate 2lb,Six Star,6.31656E+11,Whey Protein,150,30,4,2,40g,g,Triple Chocolate,0.91,USA,custom
Cellucor COR-Performance Whey - Chocolate Chip Cookie Dough 2lb,Cellucor,8.1039E+11,Whey Protein,130,25,4,2.5,35g,g,Chocolate Chip Cookie Dough,0.91,USA,custom
Optimum Nutrition Gold Standard 100% Casein - Chocolate Supreme 4lb,Optimum Nutrition,7.48927E+11,Casein Protein,120,24,4,1,34g,g,Chocolate Supreme,1.81,USA,custom
Optimum Nutrition Gold Standard 100% Casein - Creamy Vanilla 4lb,Optimum Nutrition,7.48927E+11,Casein Protein,120,24,4,1,34g,g,Creamy Vanilla,1.81,USA,custom
Dymatize Elite Casein - Smooth Vanilla 4lb,Dymatize,7.05017E+11,Casein Protein,130,25,5,1,36g,g,Smooth Vanilla,1.81,USA,custom
BSN SYNTHA-6 EDGE Casein - Chocolate Milkshake 4lb,BSN,8.34266E+11,Casein Protein,130,24,5,2,36g,g,Chocolate Milkshake,1.81,USA,custom
MuscleBlaze Micellar Casein - Chocolate 1kg,MuscleBlaze,8.90606E+12,Casein Protein,124,25,3,1,35g,g,Chocolate,1,India,custom
Orgain Organic Plant Based Protein - Creamy Chocolate Fudge 2lb,Orgain,8.5177E+11,Plant Protein,150,21,15,4,46g,g,Creamy Chocolate Fudge,0.91,USA,custom
Orgain Organic Plant Based Protein - Vanilla Bean 2lb,Orgain,8.5177E+11,Plant Protein,150,21,15,4,46g,g,Vanilla Bean,0.91,USA,custom
Garden of Life Raw Organic Protein - Vanilla Chai 20 servings,Garden of Life,6.5801E+11,Plant Protein,110,22,7,2,34g,g,Vanilla Chai,0.68,USA,custom
Vega Sport Premium Protein - Chocolate 4lb,Vega,8.38766E+11,Plant Protein,160,30,7,3.5,43g,g,Chocolate,1.81,USA,custom
Vega Sport Premium Protein - Vanilla 4lb,Vega,8.38766E+11,Plant Protein,160,30,7,3.5,43g,g,Vanilla,1.81,USA,custom
MuscleBlaze Plant Protein - Chocolate 1kg,MuscleBlaze,8.90606E+12,Plant Protein,120,23,4,2,33g,g,Chocolate,1,India,custom
Sunwarrior Warrior Blend Protein - Chocolate 750g,Sunwarrior,8.14784E+11,Plant Protein,100,19,5,2,25g,g,Chocolate,0.75,Global,custom
Sunwarrior Warrior Blend Protein - Vanilla 750g,Sunwarrior,8.14784E+11,Plant Protein,100,19,5,2,25g,g,Vanilla,0.75,Global,custom
MyProtein Soy Protein Isolate - Unflavoured 1kg,MyProtein,5.05553E+12,Plant Protein,101,23,0.5,0.5,25g,g,Unflavoured,1,UK,custom
Nutrabay Pure Pea Protein Isolate - Unflavoured 500g,Nutrabay,8.90607E+12,Plant Protein,95,22,1,0.5,25g,g,Unflavoured,0.5,India,custom
Optimum Nutrition Micronized Creatine Monohydrate - Unflavoured 600g,Optimum Nutrition,7.48927E+11,Creatine,0,0,0,0,5g,g,Unflavoured,0.6,USA,custom
MuscleTech Platinum 100% Creatine Monohydrate 400g,MuscleTech,6.31657E+11,Creatine,0,0,0,0,5g,g,Unflavoured,0.4,USA,custom
Cellucor COR-Performance Creatine - Unflavoured 72 servings,Cellucor,8.1039E+11,Creatine,0,0,0,0,5g,g,Unflavoured,0.36,USA,custom
Kaged Muscle Creatine HCl - Unflavoured 75 servings,Kaged Muscle,8.10054E+11,Creatine HCl,0,0,0,0,0.75g,g,Unflavoured,0.056,USA,custom
MuscleBlaze Creatine Monohydrate - Unflavoured 500g,MuscleBlaze,8.90606E+12,Creatine,0,0,0,0,5g,g,Unflavoured,0.5,India,custom
AS-IT-IS Creatine Monohydrate 500g,AS-IT-IS Nutrition,8.90605E+12,Creatine,0,0,0,0,5g,g,Unflavoured,0.5,India,custom
MyProtein Creatine Monohydrate - Unflavoured 500g,MyProtein,5.05553E+12,Creatine,0,0,0,0,5g,g,Unflavoured,0.5,UK,custom
Nutrabay Pure Creatine Monohydrate 500g,Nutrabay,8.90607E+12,Creatine,0,0,0,0,5g,g,Unflavoured,0.5,India,custom
Thorne Creatine - Unflavoured 450g,Thorne,6.93749E+11,Creatine,0,0,0,0,5g,g,Unflavoured,0.45,USA,custom
Klean Athlete Klean Creatine 209g,Klean Athlete,13923001013,Creatine,0,0,0,0,5g,g,Unflavoured,0.21,USA,custom
HealthKart HK Vitals Creatine Monohydrate 250g,HealthKart,8.90603E+12,Creatine,0,0,0,0,5g,g,Unflavoured,0.25,India,custom
Swolverine Creatine Monohydrate 200 servings,Swolverine,8.50014E+11,Creatine,0,0,0,0,5g,g,Unflavoured,1,USA,custom
Bulk Supplements Creatine Monohydrate 500g,BulkSupplements,8.4972E+11,Creatine,0,0,0,0,5g,g,Unflavoured,0.5,Global,custom
Con-Cret Creatine HCl Unflavoured 48 servings,Con-Cret,7.69988E+11,Creatine HCl,0,0,0,0,0.75g,g,Unflavoured,0.036,Global,custom
C4 Original Pre Workout - Fruit Punch 60 servings,Cellucor,8.1039E+11,Pre-Workout,5,0,1,0,6.5g,g,Fruit Punch,0.39,USA,custom
C4 Original Pre Workout - Watermelon 60 servings,Cellucor,8.1039E+11,Pre-Workout,5,0,1,0,6.5g,g,Watermelon,0.39,USA,custom
C4 Original Pre Workout - Pink Lemonade 60 servings,Cellucor,8.1039E+11,Pre-Workout,5,0,1,0,6.5g,g,Pink Lemonade,0.39,USA,custom
C4 Extreme Pre Workout - Icy Blue Razz 30 servings,Cellucor,8.1039E+11,Pre-Workout,25,0,5,0,13.5g,g,Icy Blue Razz,0.4,USA,custom
C4 Ripped Pre Workout - Cherry Limeade 30 servings,Cellucor,8.1039E+11,Pre-Workout,5,0,0,0,6g,g,Cherry Limeade,0.18,USA,custom
Pre JYM Pre Workout - Rainbow Sherbet 30 servings,JYM Supplement Science,8.52239E+11,Pre-Workout,50,6,6,0,26g,g,Rainbow Sherbet,0.78,Global,custom
Pre JYM Pre Workout - Cherry Limeade 30 servings,JYM Supplement Science,8.52239E+11,Pre-Workout,50,6,6,0,26g,g,Cherry Limeade,0.78,Global,custom
Optimum Nutrition Gold Standard Pre Workout - Fruit Punch 30 servings,Optimum Nutrition,7.48927E+11,Pre-Workout,20,0,5,0,10g,g,Fruit Punch,0.3,USA,custom
Optimum Nutrition Gold Standard Pre Workout - Blueberry Lemonade 30 servings,Optimum Nutrition,7.48927E+11,Pre-Workout,20,0,5,0,10g,g,Blueberry Lemonade,0.3,USA,custom
Ghost Legend Pre Workout - Sour Watermelon 30 servings,Ghost,8.5001E+11,Pre-Workout,5,0,1,0,14g,g,Sour Watermelon,0.42,USA,custom
Ghost Legend Pre Workout - Warheads Sour Green Apple 30 servings,Ghost,8.5001E+11,Pre-Workout,5,0,1,0,14g,g,Warheads Sour Green Apple,0.42,USA,custom
MuscleBlaze PRE Workout Ripped - Green Apple 250g,MuscleBlaze,8.90606E+12,Pre-Workout,15,0,3,0,10g,g,Green Apple,0.25,India,custom
Nitro Tech Pre Workout - Fruit Punch 30 servings,MuscleTech,6.31657E+11,Pre-Workout,10,0,2,0,11g,g,Fruit Punch,0.33,USA,custom
Bucked Up Pre Workout - Grape 30 servings,Bucked Up,8.50021E+11,Pre-Workout,5,0,0,0,12.5g,g,Grape,0.375,USA,custom
Bucked Up Pre Workout - Strawberry Kiwi 30 servings,Bucked Up,8.50021E+11,Pre-Workout,5,0,0,0,12.5g,g,Strawberry Kiwi,0.375,USA,custom
Legion Pulse Pre Workout - Tropical Punch 20 servings,Legion Athletics,8.50002E+11,Pre-Workout,10,0,3,0,20g,g,Tropical Punch,0.4,USA,custom
Scivation Xtend BCAA - Watermelon 90 servings,Scivation,6.94153E+11,BCAA,0,7,0,0,14g,g,Watermelon,1.26,USA,custom
Scivation Xtend BCAA - Lemon Lime Ice 90 servings,Scivation,6.94153E+11,BCAA,0,7,0,0,14g,g,Lemon Lime Ice,1.26,USA,custom
Scivation Xtend BCAA - Strawberry Kiwi Splash 30 servings,Scivation,6.94153E+11,BCAA,0,7,0,0,14g,g,Strawberry Kiwi,0.42,USA,custom
Optimum Nutrition Instantized BCAA - Fruit Punch 40 servings,Optimum Nutrition,7.48927E+11,BCAA,20,5,1,0,7g,g,Fruit Punch,0.28,USA,custom
Optimum Nutrition Instantized BCAA - Unflavoured 30 servings,Optimum Nutrition,7.48927E+11,BCAA,20,5,0,0,7g,g,Unflavoured,0.21,USA,custom
MyProtein BCAA 2:1:1 - Watermelon 250g,MyProtein,5.05553E+12,BCAA,23,5,0.5,0.1,7g,g,Watermelon,0.25,UK,custom
MuscleBlaze BCAA 6000 - Berry Blast 450g,MuscleBlaze,8.90606E+12,BCAA,20,6,0,0,14g,g,Berry Blast,0.45,India,custom
Labrada BCAA Power Punch - Lemonade 390g,Labrada,7.10779E+11,BCAA,0,7,0,0,13g,g,Lemonade,0.39,USA,custom
NOW Sports BCAA Powder - Unflavoured 500g,NOW Sports,7.33739E+11,BCAA,20,5,0,0,5g,g,Unflavoured,0.5,USA,custom
Evlution Nutrition BCAA Energy - Fruit Punch 65 servings,EVLution Nutrition,8.55293E+11,BCAA,10,5,1,0,8.5g,g,Fruit Punch,0.55,Global,custom
Kaged Muscle BCAA 2:1:1 Powder - Lemon Lime 72 servings,Kaged Muscle,8.10054E+11,BCAA,0,6,0,0,7g,g,Lemon Lime,0.5,USA,custom
Optimum Nutrition Serious Mass - Chocolate 6lb,Optimum Nutrition,7.48927E+11,Mass Gainer,1250,50,252,4.5,334g,g,Chocolate,2.72,USA,custom
Optimum Nutrition Serious Mass - Vanilla 12lb,Optimum Nutrition,7.48927E+11,Mass Gainer,1250,50,252,4.5,334g,g,Vanilla,5.44,USA,custom
BSN True Mass 1200 - Chocolate Milkshake 10.25lb,BSN,8.34266E+11,Mass Gainer,1230,50,222,16,330g,g,Chocolate Milkshake,4.65,USA,custom
MuscleTech Mass Tech Elite - Chocolate Fudge Brownie 7lb,MuscleTech,6.31657E+11,Mass Gainer,840,80,110,9,233g,g,Chocolate Fudge Brownie,3.18,USA,custom
MuscleBlaze Super Mass Gainer XXL - Chocolate 5kg,MuscleBlaze,8.90606E+12,Mass Gainer,692,30.5,112,9,186g,g,Chocolate,5,India,custom
MuscleBlaze Mass Gainer XXL - Vanilla 3kg,MuscleBlaze,8.90606E+12,Mass Gainer,692,30.5,112,9,186g,g,Vanilla,3,India,custom
Naked Mass Natural Weight Gainer - Unflavoured 8lb,Naked Nutrition,8.53985E+11,Mass Gainer,1360,50,252,5,340g,g,Unflavoured,3.63,Global,custom
MyProtein Hard Gainer Extreme - Chocolate Smooth 5kg,MyProtein,5.05553E+12,Mass Gainer,421,35,60,5,115g,g,Chocolate Smooth,5,UK,custom
Endura Mass Weight Gainer - Chocolate 1kg,Endura,8.90121E+12,Mass Gainer,396,12,74,6,100g,g,Chocolate,1,India,custom
Bigmuscles Nutrition Real Mass - Milk Chocolate 3kg,Bigmuscles Nutrition,8.90609E+12,Mass Gainer,434,30,65,6,115g,g,Milk Chocolate,3,India,custom
Optimum Nutrition Glutamine Powder - Unflavoured 1000g,Optimum Nutrition,7.48927E+11,Glutamine,0,0,0,0,5g,g,Unflavoured,1,USA,custom
BSN DNA Series Glutamine - Unflavoured 400g,BSN,8.34266E+11,Glutamine,20,5,0,0,5g,g,Unflavoured,0.4,USA,custom
Dymatize Glutamine Micronized 500g,Dymatize,7.05017E+11,Glutamine,0,0,0,0,5g,g,Unflavoured,0.5,USA,custom
MuscleBlaze L-Glutamine - Unflavoured 300g,MuscleBlaze,8.90606E+12,Glutamine,0,0,0,0,5g,g,Unflavoured,0.3,India,custom
MyProtein L-Glutamine - Unflavoured 250g,MyProtein,5.05553E+12,Glutamine,0,0,0,0,5g,g,Unflavoured,0.25,UK,custom
NOW Sports L-Glutamine Powder 500g,NOW Sports,7.33739E+11,Glutamine,20,5,0,0,5g,g,Unflavoured,0.5,USA,custom
Nutrabay Pure L-Glutamine Powder 500g,Nutrabay,8.90607E+12,Glutamine,0,0,0,0,5g,g,Unflavoured,0.5,India,custom
Optimum Nutrition Opti-Men Multivitamin 180 tablets,Optimum Nutrition,7.48927E+11,Multivitamin,0,0,0,0,3 tablets,tablets,N/A,0.27,USA,custom
Optimum Nutrition Opti-Women Multivitamin 120 capsules,Optimum Nutrition,7.48927E+11,Multivitamin,0,0,0,0,2 capsules,capsules,N/A,0.18,USA,custom
MuscleTech Platinum Multivitamin 90 capsules,MuscleTech,6.31657E+11,Multivitamin,0,0,0,0,3 capsules,capsules,N/A,0.14,USA,custom
GNC Mega Men Sport Multivitamin 180 caplets,GNC,48107148317,Multivitamin,5,0,0,0,2 caplets,caplets,N/A,0.27,Global,custom
MuscleBlaze MB Vite Daily Multivitamin 60 tablets,MuscleBlaze,8.90606E+12,Multivitamin,0,0,0,0,1 tablet,tablets,N/A,0.09,India,custom
NOW Foods ADAM Superior Men's Multiple 90 softgels,NOW Foods,7.33739E+11,Multivitamin,10,0,0,0.5,3 softgels,softgels,N/A,0.14,USA,custom
Animal Pak Universal Nutrition 44 packs,Universal Nutrition,39442025524,Multivitamin,80,2,8,2,11 tablets,tablets,N/A,0.45,USA,custom
Optimum Nutrition Fish Oil Softgels 200 count,Optimum Nutrition,7.48927E+11,Omega-3,10,0,0,1,2 softgels,softgels,N/A,0.3,USA,custom
MuscleTech Essential Series Platinum 100% Fish Oil 100 softgels,MuscleTech,6.31657E+11,Omega-3,10,0,0,1,2 softgels,softgels,N/A,0.15,USA,custom
Nordic Naturals Ultimate Omega 120 softgels,Nordic Naturals,7.6899E+11,Omega-3,25,0,0,3,2 softgels,softgels,Lemon,0.18,USA,custom
MuscleBlaze Omega-3 Fish Oil 1000mg 90 softgels,MuscleBlaze,8.90606E+12,Omega-3,10,0,0,1,1 softgel,softgels,N/A,0.135,India,custom
NOW Foods Omega-3 180 softgels,NOW Foods,7.33739E+11,Omega-3,10,0,0,1,2 softgels,softgels,N/A,0.27,USA,custom
Sports Research Triple Strength Omega-3 Fish Oil 180 softgels,Sports Research,80369010187,Omega-3,15,0,0,1.5,1 softgel,softgels,N/A,0.27,USA,custom
Quest Protein Bar - Chocolate Chip Cookie Dough 12 count,Quest Nutrition,8.88849E+11,Protein Bar,180,21,24,8,60g,g,Chocolate Chip Cookie Dough,0.72,USA,custom
Quest Protein Bar - Cookies & Cream 12 count,Quest Nutrition,8.88849E+11,Protein Bar,180,21,25,8,60g,g,Cookies & Cream,0.72,USA,custom
Quest Protein Bar - S'mores 12 count,Quest Nutrition,8.88849E+11,Protein Bar,180,20,25,8,60g,g,S'mores,0.72,USA,custom
Quest Protein Bar - Blueberry Muffin 12 count,Quest Nutrition,8.88849E+11,Protein Bar,180,21,24,8,60g,g,Blueberry Muffin,0.72,USA,custom
RXBar Chocolate Sea Salt 12 count,RXBAR,8.6E+11,Protein Bar,210,12,23,9,52g,g,Chocolate Sea Salt,0.62,USA,custom
RXBar Peanut Butter 12 count,RXBAR,8.6E+11,Protein Bar,210,12,24,10,52g,g,Peanut Butter,0.62,USA,custom
Kind Protein Bar - Toasted Caramel Nut 12 count,Kind,6.02652E+11,Protein Bar,250,12,20,13,50g,g,Toasted Caramel Nut,0.6,Global,custom
MuscleBlaze Hi-Protein Bar - Chocolate 12 count,MuscleBlaze,8.90606E+12,Protein Bar,197,21,21,5,58g,g,Chocolate,0.7,India,custom
Ritebite Max Protein Bar - Choco Berry 12 count,NutriBar,8.90602E+12,Protein Bar,130,10,15,4,40g,g,Choco Berry,0.48,Global,custom
One Protein Bar - Birthday Cake 12 count,ONE Brands,8.56411E+11,Protein Bar,220,20,22,7,60g,g,Birthday Cake,0.72,Global,custom
One Protein Bar - Peanut Butter Pie 12 count,ONE Brands,8.56411E+11,Protein Bar,230,20,21,8,60g,g,Peanut Butter Pie,0.72,Global,custom
Clif Builder's Protein Bar - Chocolate Mint 12 count,Clif Bar,7.22252E+11,Protein Bar,290,20,30,10,68g,g,Chocolate Mint,0.82,Global,custom
Think! High Protein Bar - Chocolate Fudge 10 count,think!,7.22252E+11,Protein Bar,230,20,22,8,60g,g,Chocolate Fudge,0.6,Global,custom
Fulfil Vitamin & Protein Bar - Chocolate Caramel 15 count,Fulfil,5.06056E+12,Protein Bar,190,21,13,6,55g,g,Chocolate Caramel,0.83,UK,custom
Grenade Carb Killa Bar - Chocolate Chip Salted Caramel 12 count,Grenade,5.06041E+12,Protein Bar,225,23,17,8,60g,g,Chocolate Chip Salted Caramel,0.72,UK,custom
Grenade Carb Killa Bar - Dark Chocolate Raspberry 12 count,Grenade,5.06041E+12,Protein Bar,218,23,16,7,60g,g,Dark Chocolate Raspberry,0.72,UK,custom
Cellucor Super HD Thermogenic - 60 capsules,Cellucor,8.1039E+11,Fat Burner,0,0,0,0,2 capsules,capsules,N/A,0.09,USA,custom
Hydroxycut Hardcore Elite 100 capsules,Hydroxycut,6.31656E+11,Fat Burner,0,0,0,0,2 capsules,capsules,N/A,0.15,USA,custom
Nutrex Lipo-6 Black Ultra Concentrate 60 capsules,Nutrex Research,8.57961E+11,Fat Burner,0,0,0,0,1 capsule,capsules,N/A,0.045,USA,custom
MuscleBlaze Fat Burner - 90 tablets,MuscleBlaze,8.90606E+12,Fat Burner,0,0,0,0,3 tablets,tablets,N/A,0.135,India,custom
HealthKart Lean Fat Burner 90 capsules,HealthKart,8.90603E+12,Fat Burner,0,0,0,0,2 capsules,capsules,N/A,0.09,India,custom
Optimum Nutrition ZMA 90 capsules,Optimum Nutrition,7.48927E+11,Testosterone Booster,5,0,1,0,3 capsules,capsules,N/A,0.135,USA,custom
MuscleBlaze Ashwagandha 500mg 60 capsules,MuscleBlaze,8.90606E+12,Testosterone Booster,0,0,0,0,1 capsule,capsules,N/A,0.06,India,custom
MuscleTech Alpha Test Max Strength 120 tablets,MuscleTech,6.31657E+11,Testosterone Booster,0,0,0,0,4 tablets,tablets,N/A,0.18,USA,custom
Six Star Testosterone Booster Elite 60 caplets,Six Star,6.31656E+11,Testosterone Booster,0,0,0,0,2 caplets,caplets,N/A,0.09,USA,custom
NOW Foods TestoJack 200 60 vcaps,NOW Foods,7.33739E+11,Testosterone Booster,0,0,0,0,2 vcaps,capsules,N/A,0.09,USA,custom
Optimum Nutrition Gold Standard Pro Shake - Chocolate 11 fl oz 12 pack,Optimum Nutrition,7.48927E+11,RTD Protein Shake,170,24,10,4,330ml,ml,Chocolate,3.96,USA,custom
Muscle Milk Genuine Protein Shake - Chocolate 14 fl oz 4 pack,CytoSport,40989014056,RTD Protein Shake,160,25,9,6,414ml,ml,Chocolate,1.66,Global,custom
Muscle Milk Genuine Protein Shake - Vanilla Crème 14 fl oz 4 pack,CytoSport,40989014063,RTD Protein Shake,150,25,7,6,414ml,ml,Vanilla Crème,1.66,Global,custom
Premier Protein Shake - Chocolate 11.5 fl oz 12 pack,Premier Protein,40989009434,RTD Protein Shake,160,30,5,3,340ml,ml,Chocolate,4.08,USA,custom
Premier Protein Shake - Vanilla 11.5 fl oz 12 pack,Premier Protein,40989009441,RTD Protein Shake,160,30,5,3,340ml,ml,Vanilla,4.08,USA,custom
Premier Protein Shake - Caramel 11.5 fl oz 12 pack,Premier Protein,40989009458,RTD Protein Shake,160,30,5,3,340ml,ml,Caramel,4.08,USA,custom
Fairlife Core Power Elite High Protein Shake - Chocolate 14 fl oz 12 pack,Fairlife,8.40265E+11,RTD Protein Shake,230,42,9,5,414ml,ml,Chocolate,4.97,USA,custom
Boost High Protein Complete Nutritional Drink - Chocolate 8 fl oz 24 pack,Boost,41679993143,RTD Protein Shake,240,20,31,6,237ml,ml,Chocolate,5.69,Global,custom
Ensure High Protein Nutrition Shake - Milk Chocolate 8 fl oz 16 pack,Ensure,70074571605,RTD Protein Shake,160,16,17,4,237ml,ml,Milk Chocolate,3.79,Global,custom
Owyn Plant Based Protein Shake - Dark Chocolate 12 fl oz 12 pack,OWYN,8.57596E+11,RTD Protein Shake,180,20,20,4,355ml,ml,Dark Chocolate,4.26,Global,custom
Liquid IV Hydration Multiplier - Lemon Lime 30 count,Liquid I.V.,8.5177E+11,Electrolytes,45,0,11,0,16g,g,Lemon Lime,0.48,USA,custom
Liquid IV Hydration Multiplier - Passion Fruit 30 count,Liquid I.V.,8.5177E+11,Electrolytes,45,0,11,0,16g,g,Passion Fruit,0.48,USA,custom
Nuun Sport Electrolyte Tablets - Lemon Lime 4 pack,Nuun,8.9118E+11,Electrolytes,15,0,4,0,1 tablet,tablets,Lemon Lime,0.04,Global,custom
Nuun Sport Electrolyte Tablets - Tri-Berry 4 pack,Nuun,8.9118E+11,Electrolytes,15,0,4,0,1 tablet,tablets,Tri-Berry,0.04,Global,custom
DripDrop ORS Electrolyte Powder - Lemon 32 count,DripDrop,8.50002E+11,Electrolytes,60,0,15,0,10g,g,Lemon,0.32,Global,custom
LMNT Recharge Electrolyte Drink Mix - Raspberry Salt 30 count,LMNT,8.5001E+11,Electrolytes,10,0,2,0,6g,g,Raspberry Salt,0.18,USA,custom
LMNT Recharge Electrolyte Drink Mix - Mango Chili 30 count,LMNT,8.5001E+11,Electrolytes,10,0,2,0,6g,g,Mango Chili,0.18,USA,custom
Gatorade Thirst Quencher Powder - Fruit Punch 76.5oz,Gatorade,52000115039,Electrolytes,80,0,22,0,36g,g,Fruit Punch,2.17,Global,custom
Celsius Sparkling Orange 12 fl oz 12 pack,Celsius,8.89392E+11,Energy Drink,10,0,2,0,355ml,ml,Sparkling Orange,4.26,USA,custom
Celsius Sparkling Watermelon 12 fl oz 12 pack,Celsius,8.89392E+11,Energy Drink,10,0,2,0,355ml,ml,Sparkling Watermelon,4.26,USA,custom
Bang Energy Drink - Black Cherry Vanilla 16 fl oz 12 pack,Bang Energy,8.52909E+11,Energy Drink,0,0,0,0,473ml,ml,Black Cherry Vanilla,5.68,USA,custom
Bang Energy Drink - Birthday Cake Bash 16 fl oz 12 pack,Bang Energy,8.52909E+11,Energy Drink,0,0,0,0,473ml,ml,Birthday Cake Bash,5.68,USA,custom
Ghost Energy - Sour Patch Kids Redberry 16 fl oz 12 pack,Ghost,8.5001E+11,Energy Drink,5,0,1,0,473ml,ml,Sour Patch Kids Redberry,5.68,USA,custom
Monster Energy Zero Ultra 16 fl oz 24 pack,Monster Beverage,70847812076,Energy Drink,10,0,3,0,473ml,ml,Ultra White,11.36,Global,custom
Red Bull Sugar Free 8.4 fl oz 24 pack,Red Bull,90482009012,Energy Drink,10,0,3,0,250ml,ml,Original,6,Global,custom
Vital Proteins Collagen Peptides - Unflavoured 20oz,Vital Proteins,8.50007E+11,Collagen,70,18,0,0,20g,g,Unflavoured,0.57,USA,custom
Vital Proteins Collagen Peptides - Vanilla 10oz,Vital Proteins,8.50007E+11,Collagen,70,18,0,0,20g,g,Vanilla,0.28,USA,custom
Sports Research Collagen Peptides Powder 16oz,Sports Research,80369003318,Collagen,70,17,0,0,11g,g,Unflavoured,0.45,USA,custom
Optimum Nutrition Superior Amino 2222 320 tablets,Optimum Nutrition,7.48927E+11,Amino Acids,45,10,1,0,4 tablets,tablets,N/A,0.48,USA,custom
Muscletech Amino Build Next Gen BCAA 30 servings - Watermelon,MuscleTech,6.31657E+11,Amino Acids,10,6,1,0,10.7g,g,Watermelon,0.32,USA,custom
Kodiak Cakes Power Cakes Flapjack & Waffle Mix - Buttermilk & Honey 20oz,Kodiak Cakes,7.10536E+11,Protein Food,190,14,30,2,56g,g,Buttermilk & Honey,0.57,Global,custom
Kodiak Cakes Power Cakes Flapjack & Waffle Mix - Dark Chocolate 20oz,Kodiak Cakes,7.10536E+11,Protein Food,190,13,32,2.5,56g,g,Dark Chocolate,0.57,Global,custom
Quaker Protein Overnight Oats - Banana Nut 1.76oz 6 count,Quaker,30000561836,Protein Food,220,8,34,6,50g,g,Banana Nut,0.3,Global,custom
Bob's Red Mill Protein Powder - Chocolate 16oz,Bob's Red Mill,39978009449,Plant Protein,150,20,8,4,43g,g,Chocolate,0.45,Global,custom
Steadfast Nutrition Impact Whey Protein - Chocolate 1kg,Steadfast Nutrition,8.90608E+12,Whey Protein,118,24,2.9,1.6,33g,g,Chocolate,1,India,custom
Avvatar Isorich Whey Protein Isolate - Chocolate 1kg,Avvatar,8.9061E+12,Whey Protein Isolate,107,26,1,0.3,30g,g,Chocolate,1,India,custom
Avvatar Isorich Whey Protein Isolate - Vanilla 1kg,Avvatar,8.9061E+12,Whey Protein Isolate,107,26,1,0.3,30g,g,Vanilla,1,India,custom
GNC Pro Performance 100% Whey Protein - Chocolate 2lb,GNC,48107148065,Whey Protein,130,24,4,2.5,35g,g,Chocolate,0.91,Global,custom
GNC Total Lean Advanced Lean Shake Burn - Chocolate Fudge 1.6lb,GNC,48107148072,Weight Management,200,25,15,5,55g,g,Chocolate Fudge,0.73,Global,custom
HealthVit Cenvitan Men Multivitamin 60 tablets,HealthVit,8.90602E+12,Multivitamin,0,0,0,0,1 tablet,tablets,N/A,0.09,India,custom
Fast&Up Reload Effervescent Hydration - Lemon 20 tablets,Fast&Up,8.90603E+12,Electrolytes,25,0,6,0,1 tablet,tablets,Lemon,0.1,India,custom
Fast&Up Reload Effervescent Hydration - Orange 20 tablets,Fast&Up,8.90603E+12,Electrolytes,25,0,6,0,1 tablet,tablets,Orange,0.1,India,custom
Abbzorb Nutrition Whey Protein - Chocolate Caramel Fudge 2kg,Abbzorb Nutrition,8.90607E+12,Whey Protein,120,24,2,2,33g,g,Chocolate Caramel Fudge,2,India,custom
Muscle Station Whey Protein - Double Chocolate 2kg,Muscle Station,8.90608E+12,Whey Protein,122,24,3,1.5,33g,g,Double Chocolate,2,India,custom
Wellcore Whey Protein - Chocolate Fudge 1kg,Wellcore,8.9061E+12,Whey Protein,120,25,2,1.5,30g,g,Chocolate Fudge,1,India,custom
Absolute Nutrition Whey Protein - Cafe Latte 1kg,Absolute Nutrition,8.90606E+12,Whey Protein,118,24,2.5,2,33g,g,Cafe Latte,1,India,custom
Protica Profect Protein Supplement - Vanilla Bean 100 vials,Protica,7.00597E+11,Whey Protein,100,25,2,0,38ml,ml,Vanilla Bean,3.8,Global,custom
MuscleTech Nitro-Tech Performance Series - Cookies & Cream 4lb,MuscleTech,6.31657E+11,Whey Protein,160,30,4,2.5,46g,g,Cookies & Cream,1.81,USA,custom
MuscleTech Nitro-Tech Performance Series - Banana 4lb,MuscleTech,6.31657E+11,Whey Protein,160,30,4,2.5,46g,g,Banana,1.81,USA,custom
Kaged Muscle Clean Whey Protein - Chocolate 2lb,Kaged Muscle,8.10054E+11,Whey Protein,120,25,2,1.5,30g,g,Chocolate,0.91,USA,custom
Kaged Muscle Clean Whey Protein - Vanilla 2lb,Kaged Muscle,8.10054E+11,Whey Protein,120,25,2,1.5,30g,g,Vanilla,0.91,USA,custom
Transparent Labs Grass-Fed Whey Protein Isolate - Milk Chocolate 2lb,Transparent Labs,8.50002E+11,Whey Protein Isolate,120,28,0,0,32g,g,Milk Chocolate,0.91,USA,custom
Transparent Labs Grass-Fed Whey Protein Isolate - French Vanilla 2lb,Transparent Labs,8.50002E+11,Whey Protein Isolate,120,28,0,0,32g,g,French Vanilla,0.91,USA,custom
BioSteel Sports Whey Protein - Chocolate 1.2lb,BioSteel,8.79988E+11,Whey Protein,120,23,4,2,31g,g,Chocolate,0.54,USA,custom
Allmax Nutrition IsoFlex 100% Whey Protein Isolate - Chocolate Peanut Butter 2lb,Allmax,6.65553E+11,Whey Protein Isolate,110,27,1,0,30g,g,Chocolate Peanut Butter,0.91,USA,custom
Allmax Nutrition IsoFlex 100% Whey Protein Isolate - Strawberry 2lb,Allmax,6.65553E+11,Whey Protein Isolate,110,27,1,0,30g,g,Strawberry,0.91,USA,custom
Rule 1 R1 Protein Whey Isolate - Chocolate Fudge 2.5lb,Rule 1 Proteins,8.53598E+11,Whey Protein Isolate,110,25,2,0.5,28g,g,Chocolate Fudge,1.14,USA,custom
Rule 1 R1 Protein Whey Isolate - Vanilla Soft Serve 2.5lb,Rule 1 Proteins,8.53598E+11,Whey Protein Isolate,110,25,2,0.5,28g,g,Vanilla Soft Serve,1.14,USA,custom
Rivalus Clean Gainer - Chocolate Fudge Brownie 10lb,Rivalus,8.71886E+11,Mass Gainer,560,30,90,7,163g,g,Chocolate Fudge Brownie,4.54,USA,custom
Dymatize Super Mass Gainer - Rich Chocolate 12lb,Dymatize,7.05017E+11,Mass Gainer,1280,52,246,10,336g,g,Rich Chocolate,5.44,USA,custom
Universal Nutrition Real Gains Mass Gainer - Vanilla Ice Cream 6.85lb,Universal Nutrition,39442024411,Mass Gainer,600,53,83,8,169g,g,Vanilla Ice Cream,3.1,USA,custom
Muscletech Mass Tech Extreme 2000 - Chocolate Fudge Brownie 22lb,MuscleTech,6.31657E+11,Mass Gainer,2000,80,401,9,585g,g,Chocolate Fudge Brownie,9.98,USA,custom
Precision Engineered Whey Protein - Cookies N Cream 5lb,Precision Engineered,39442025531,Whey Protein,130,25,5,2,35g,g,Cookies N Cream,2.27,Global,custom
Optimum Nutrition Liquid L-Carnitine 1500 - Natural Lemon-Lime 16 fl oz,Optimum Nutrition,7.48927E+11,L-Carnitine,0,0,0,0,15ml,ml,Lemon-Lime,0.47,USA,custom
MuscleBlaze L-Carnitine L-Tartrate 500mg 60 tablets,MuscleBlaze,8.90606E+12,L-Carnitine,0,0,0,0,1 tablet,tablets,N/A,0.09,India,custom
NOW Foods L-Carnitine 500mg 60 capsules,NOW Foods,7.33739E+11,L-Carnitine,5,0,0,0,2 capsules,capsules,N/A,0.09,USA,custom
Jarrow Formulas L-Carnitine 500mg 50 tablets,Jarrow Formulas,7.90011E+11,L-Carnitine,5,0,0,0,1 tablet,tablets,N/A,0.075,USA,custom
NutraBio L-Carnitine Liquid 3000 - Grape 16 fl oz,NutraBio,6.49908E+11,L-Carnitine,0,0,0,0,15ml,ml,Grape,0.47,USA,custom
MuscleBlaze Biozyme Performance Whey - Chocolate 2kg,MuscleBlaze,8.90606E+12,Whey Protein,120,25,2.4,1.4,33g,g,Chocolate,2,India,custom
MuscleBlaze Biozyme Performance Whey - Vanilla 1kg,MuscleBlaze,8.90606E+12,Whey Protein,120,25,2.4,1.4,33g,g,Vanilla,1,India,custom
ON Gold Standard 100% Whey - Extreme Milk Chocolate 10lb,Optimum Nutrition,7.48927E+11,Whey Protein,120,24,3,1.5,31g,g,Extreme Milk Chocolate,4.54,USA,custom
ON Gold Standard 100% Whey - Delicious Strawberry 10lb,Optimum Nutrition,7.48927E+11,Whey Protein,120,24,3,1.5,31g,g,Delicious Strawberry,4.54,USA,custom
Mutant Whey Protein - Triple Chocolate 5lb,Mutant,6.27934E+11,Whey Protein,150,22,8,4,42g,g,Triple Chocolate,2.27,USA,custom
Mutant Whey Protein - Vanilla Ice Cream 5lb,Mutant,6.27934E+11,Whey Protein,150,22,8,4,42g,g,Vanilla Ice Cream,2.27,USA,custom
PEScience Select Protein - Gourmet Vanilla 3.5lb,PEScience,8.11556E+11,Whey Protein,120,24,4,1,31g,g,Gourmet Vanilla,1.59,USA,custom
PEScience Select Protein - Chocolate Peanut Butter Cup 3.5lb,PEScience,8.11556E+11,Whey Protein,150,24,8,4,31g,g,Chocolate Peanut Butter Cup,1.59,USA,custom
Redcon1 MRE Meal Replacement Protein - Dutch Apple Pie 3.8lb,Redcon1,8.10045E+11,Meal Replacement,530,47,66,7,128g,g,Dutch Apple Pie,1.72,USA,custom
Redcon1 MRE Meal Replacement Protein - Blueberry Cobbler 3.8lb,Redcon1,8.10045E+11,Meal Replacement,540,47,68,7,128g,g,Blueberry Cobbler,1.72,USA,custom
Herbalife Formula 1 Healthy Meal Nutritional Shake Mix - French Vanilla 750g,Herbalife,70280003040,Meal Replacement,90,9,13,1,26g,g,French Vanilla,0.75,USA,custom
Herbalife Formula 1 Healthy Meal Nutritional Shake Mix - Dutch Chocolate 750g,Herbalife,70280003057,Meal Replacement,90,9,13,1,26g,g,Dutch Chocolate,0.75,USA,custom
Soylent Meal Replacement Drink - Vanilla 11 fl oz 12 pack,Soylent,8.59289E+11,Meal Replacement,400,20,37,21,325ml,ml,Vanilla,3.9,USA,custom
Orgain Organic Nutritional Shake - Chocolate Fudge 11 fl oz 12 pack,Orgain,8.5177E+11,Meal Replacement,255,16,32,7,325ml,ml,Chocolate Fudge,3.9,USA,custom
Optimum Nutrition Gold Standard 100% Whey - Banana Cream 5lb,Optimum Nutrition,7.48927E+11,Whey Protein,120,24,3,1.5,31g,g,Banana Cream,2.27,USA,custom
Optimum Nutrition Gold Standard 100% Whey - Mocha Cappuccino 2lb,Optimum Nutrition,7.48927E+11,Whey Protein,120,24,3,1.5,31g,g,Mocha Cappuccino,0.91,USA,custom
Optimum Nutrition Gold Standard 100% Whey - Chocolate Malt 5lb,Optimum Nutrition,7.48927E+11,Whey Protein,120,24,3,1.5,31g,g,Chocolate Malt,2.27,USA,custom
Dymatize ISO100 Hydrolyzed Whey - Cookies & Cream 5lb,Dymatize,7.05016E+11,Whey Protein Isolate,110,25,2,0.5,29g,g,Cookies & Cream,2.27,USA,custom
Dymatize ISO100 Hydrolyzed Whey - Birthday Cake 5lb,Dymatize,7.05016E+11,Whey Protein Isolate,110,25,2,0.5,29g,g,Birthday Cake,2.27,USA,custom
Dymatize ISO100 Hydrolyzed Whey - Dunkin Caramel Mocha 5lb,Dymatize,7.05016E+11,Whey Protein Isolate,110,25,2,0.5,29g,g,Dunkin Caramel Mocha,2.27,USA,custom
MuscleTech NitroTech Whey Protein - Birthday Cake 4lb,MuscleTech,6.31657E+11,Whey Protein,160,30,4,2.5,46g,g,Birthday Cake,1.81,USA,custom
MuscleTech NitroTech Whey Protein - Peanut Butter Chocolate 4lb,MuscleTech,6.31657E+11,Whey Protein,170,30,5,3,46g,g,Peanut Butter Chocolate,1.81,USA,custom
Ghost Whey Protein - Chips Ahoy 2lb,Ghost,8.5001E+11,Whey Protein,130,25,5,2,36g,g,Chips Ahoy,0.91,USA,custom
Ghost Whey Protein - Nutter Butter 2lb,Ghost,8.5001E+11,Whey Protein,130,25,5,2,36g,g,Nutter Butter,0.91,USA,custom
Ghost Whey Protein - Peanut Butter Cereal Milk 2lb,Ghost,8.5001E+11,Whey Protein,130,25,5,2,36g,g,Peanut Butter Cereal Milk,0.91,USA,custom
Isopure Zero Carb Protein Powder - Strawberries & Cream 3lb,Isopure,89094021023,Whey Protein Isolate,100,25,0,0,28g,g,Strawberries & Cream,1.36,USA,custom
Isopure Zero Carb Protein Powder - Toasted Coconut 3lb,Isopure,89094021030,Whey Protein Isolate,100,25,0,0,28g,g,Toasted Coconut,1.36,USA,custom
Cellucor COR-Performance Whey - Molten Chocolate 5lb,Cellucor,8.1039E+11,Whey Protein,140,25,7,3,38g,g,Molten Chocolate,2.27,USA,custom
Kaged Muscle Clean Whey Protein - Banana OG 2lb,Kaged Muscle,8.10054E+11,Whey Protein,120,25,2,1.5,30g,g,Banana OG,0.91,USA,custom
Transparent Labs Grass-Fed Whey Protein Isolate - Cinnamon French Toast 2lb,Transparent Labs,8.50002E+11,Whey Protein Isolate,120,28,0,0,32g,g,Cinnamon French Toast,0.91,USA,custom
Transparent Labs Grass-Fed Whey Protein Isolate - Strawberry Lemonade 2lb,Transparent Labs,8.50002E+11,Whey Protein Isolate,120,28,0,0,32g,g,Strawberry Lemonade,0.91,USA,custom
Six Star Whey Protein Plus - Triple Chocolate 2lb,Six Star,6.31656E+11,Whey Protein,150,30,4,2,40g,g,Triple Chocolate,0.91,USA,custom
Naked Whey Grass-Fed Whey Protein - Unflavoured 5lb,Naked Nutrition,8.53985E+11,Whey Protein,120,25,3,2,30g,g,Unflavoured,2.27,USA,custom
Naked Whey Grass-Fed Whey Protein - Chocolate 5lb,Naked Nutrition,8.53985E+11,Whey Protein,160,25,8,3,36g,g,Chocolate,2.27,USA,custom
PEScience Select Protein - Peanut Butter Cookie 3.5lb,PEScience,8.11556E+11,Whey Protein,120,24,4,1,31g,g,Peanut Butter Cookie,1.59,USA,custom
PEScience Select Protein - Strawberry Cheesecake 3.5lb,PEScience,8.11556E+11,Whey Protein,120,24,4,1,31g,g,Strawberry Cheesecake,1.59,USA,custom
Jacked Factory Authentic Whey - Chocolate Peanut Butter 2lb,Jacked Factory,8.50001E+11,Whey Protein,130,25,4,2,33g,g,Chocolate Peanut Butter,0.91,USA,custom
Jacked Factory Authentic Whey - Smores 2lb,Jacked Factory,8.50001E+11,Whey Protein,130,25,4,2,33g,g,Smores,0.91,USA,custom
Optimum Nutrition Platinum HydroWhey - Turbo Chocolate 3.5lb,Optimum Nutrition,7.48927E+11,Whey Protein Hydrolysate,140,30,3,1,39g,g,Turbo Chocolate,1.59,USA,custom
Optimum Nutrition Platinum HydroWhey - Velocity Vanilla 3.5lb,Optimum Nutrition,7.48927E+11,Whey Protein Hydrolysate,140,30,3,1,39g,g,Velocity Vanilla,1.59,USA,custom
BSN SYNTHA-6 Protein Powder - Peanut Butter Cookie 5lb,BSN,8.34266E+11,Whey Protein Blend,200,22,15,6,44g,g,Peanut Butter Cookie,2.27,USA,custom
BSN SYNTHA-6 Protein Powder - Strawberry Milkshake 5lb,BSN,8.34266E+11,Whey Protein Blend,200,22,15,6,44g,g,Strawberry Milkshake,2.27,USA,custom
Rivalus Promasil Protein Blend - Chocolate 2lb,Rivalus,8.71886E+11,Whey Protein Blend,130,25,4,2,33g,g,Chocolate,0.91,USA,custom
Rule 1 R1 Protein Whey Isolate - Salted Caramel 2.5lb,Rule 1 Proteins,8.53598E+11,Whey Protein Isolate,110,25,2,0.5,28g,g,Salted Caramel,1.14,USA,custom
Rule 1 R1 Protein Whey Isolate - Peanut Butter 2.5lb,Rule 1 Proteins,8.53598E+11,Whey Protein Isolate,120,25,3,1.5,28g,g,Peanut Butter,1.14,USA,custom
Optimum Nutrition Micronized Creatine Powder - Unflavoured 300g,Optimum Nutrition,7.48927E+11,Creatine,0,0,0,0,5g,g,Unflavoured,0.3,USA,custom
Jacked Factory Creatine Monohydrate - Unflavoured 500g,Jacked Factory,8.50001E+11,Creatine,0,0,0,0,5g,g,Unflavoured,0.5,USA,custom
Transparent Labs Creatine HMB - Sour Grape 240g,Transparent Labs,8.50002E+11,Creatine,5,0,0,0,8g,g,Sour Grape,0.24,USA,custom
Transparent Labs Creatine HMB - Peach Mango 240g,Transparent Labs,8.50002E+11,Creatine,5,0,0,0,8g,g,Peach Mango,0.24,USA,custom
Legion Recharge Post-Workout - Unflavoured 60 servings,Legion Athletics,8.50002E+11,Creatine,0,0,0,0,5g,g,Unflavoured,0.3,USA,custom
MuscleTech Platinum 100% Creatine Monohydrate 800g,MuscleTech,6.31657E+11,Creatine,0,0,0,0,5g,g,Unflavoured,0.8,USA,custom
Allmax Nutrition CREATINE Monohydrate 400g,Allmax,6.65553E+11,Creatine,0,0,0,0,5g,g,Unflavoured,0.4,USA,custom
NutraBio Creatine Monohydrate - Unflavoured 500g,NutraBio,6.49908E+11,Creatine,0,0,0,0,5g,g,Unflavoured,0.5,USA,custom
Nutricost Creatine Monohydrate 500g,Nutricost,8.11056E+11,Creatine,0,0,0,0,5g,g,Unflavoured,0.5,USA,custom
Crazy Nutrition CRN-5 Creatine - Lemon Lime 275g,Crazy Nutrition,8.50005E+11,Creatine,10,0,2,0,8.5g,g,Lemon Lime,0.275,USA,custom
C4 Ultimate Pre Workout - Arctic Snow Cone 20 servings,Cellucor,8.1039E+11,Pre-Workout,5,0,1,0,20g,g,Arctic Snow Cone,0.4,USA,custom
C4 Ultimate Pre Workout - Strawberry Watermelon 20 servings,Cellucor,8.1039E+11,Pre-Workout,5,0,1,0,20g,g,Strawberry Watermelon,0.4,USA,custom
Bucked Up Woke Pre Workout - Grape Gainz 30 servings,Bucked Up,8.50021E+11,Pre-Workout,5,0,0,0,14.5g,g,Grape Gainz,0.435,USA,custom
Bucked Up Woke AF Pre Workout - Blood Raz 30 servings,Bucked Up,8.50021E+11,Pre-Workout,5,0,0,0,14.5g,g,Blood Raz,0.435,USA,custom
Pre JYM X Pre Workout - Blue Raspberry 20 servings,JYM Supplement Science,8.52239E+11,Pre-Workout,50,6,6,0,26g,g,Blue Raspberry,0.52,USA,custom
Legion Pulse Pre Workout - Watermelon 20 servings,Legion Athletics,8.50002E+11,Pre-Workout,10,0,3,0,20g,g,Watermelon,0.4,USA,custom
Transparent Labs BULK Pre Workout - Sour Tropical Punch 30 servings,Transparent Labs,8.50002E+11,Pre-Workout,10,0,2,0,21g,g,Sour Tropical Punch,0.63,USA,custom
Transparent Labs BULK Pre Workout - Blue Raspberry 30 servings,Transparent Labs,8.50002E+11,Pre-Workout,10,0,2,0,21g,g,Blue Raspberry,0.63,USA,custom
Kaged Pre-Kaged Sport Pre Workout - Berry Blast 20 servings,Kaged Muscle,8.10054E+11,Pre-Workout,20,0,5,0,14g,g,Berry Blast,0.28,USA,custom
Redcon1 Total War Pre Workout - Blue Lemonade 30 servings,Redcon1,8.10045E+11,Pre-Workout,10,0,2,0,14.4g,g,Blue Lemonade,0.432,USA,custom
Redcon1 Total War Pre Workout - Strawberry Mango 30 servings,Redcon1,8.10045E+11,Pre-Workout,10,0,2,0,14.4g,g,Strawberry Mango,0.432,USA,custom
Gorilla Mode Pre Workout - Volcano Burst 40 servings,Gorilla Mind,8.51422E+11,Pre-Workout,10,0,2,0,14.5g,g,Volcano Burst,0.58,USA,custom
Gorilla Mode Pre Workout - Mango Peach 40 servings,Gorilla Mind,8.51422E+11,Pre-Workout,10,0,2,0,14.5g,g,Mango Peach,0.58,USA,custom
Nitraflex Hyperemia & Testosterone Enhancing PWD - Peach Mango 30 servings,GAT Sport,8.1617E+11,Pre-Workout,10,0,2,0,10g,g,Peach Mango,0.3,USA,custom
4 Gauge Premium Pre Workout - Frozen Lemonade 20 servings,Roar Ambition,8.52214E+11,Pre-Workout,5,0,1,0,14g,g,Frozen Lemonade,0.28,USA,custom
Xtend Original BCAA - Italian Blood Orange 90 servings,Scivation,6.94153E+11,BCAA,0,7,0,0,14g,g,Italian Blood Orange,1.26,USA,custom
Xtend Original BCAA - Mango Madness 90 servings,Scivation,6.94153E+11,BCAA,0,7,0,0,14g,g,Mango Madness,1.26,USA,custom
Xtend Original BCAA - Blue Raspberry Ice 30 servings,Scivation,6.94153E+11,BCAA,0,7,0,0,14g,g,Blue Raspberry Ice,0.42,USA,custom
Evlution Nutrition BCAA 5000 - Fruit Punch 60 servings,EVLution Nutrition,8.55293E+11,BCAA,20,5,2,0,7g,g,Fruit Punch,0.42,USA,custom
Evlution Nutrition BCAA 5000 - Watermelon 60 servings,EVLution Nutrition,8.55293E+11,BCAA,20,5,2,0,7g,g,Watermelon,0.42,USA,custom
Kaged Muscle BCAA 2:1:1 - Fruit Punch 72 servings,Kaged Muscle,8.10054E+11,BCAA,0,6,0,0,7g,g,Fruit Punch,0.5,USA,custom
Transparent Labs BCAA Glutamine - Sour Green Apple 30 servings,Transparent Labs,8.50002E+11,BCAA,5,8,0,0,16g,g,Sour Green Apple,0.48,USA,custom
NOW Sports BCAA Big 6 Powder - Grape 600g,NOW Sports,7.33739E+11,BCAA,25,6,3,0,15g,g,Grape,0.6,USA,custom
Optimum Nutrition Amino Energy - Watermelon 65 servings,Optimum Nutrition,7.48927E+11,Amino Acids,15,5,2,0,9g,g,Watermelon,0.585,USA,custom
Optimum Nutrition Amino Energy - Concord Grape 65 servings,Optimum Nutrition,7.48927E+11,Amino Acids,15,5,2,0,9g,g,Concord Grape,0.585,USA,custom
Optimum Nutrition Amino Energy - Blueberry Mojito 65 servings,Optimum Nutrition,7.48927E+11,Amino Acids,15,5,2,0,9g,g,Blueberry Mojito,0.585,USA,custom
Redcon1 Breach BCAA - Apple Pear 30 servings,Redcon1,8.10045E+11,BCAA,0,6,0,0,10g,g,Apple Pear,0.3,USA,custom
Optimum Nutrition Serious Mass - Strawberry 6lb,Optimum Nutrition,7.48927E+11,Mass Gainer,1250,50,252,4.5,334g,g,Strawberry,2.72,USA,custom
Optimum Nutrition Serious Mass - Banana 6lb,Optimum Nutrition,7.48927E+11,Mass Gainer,1250,50,252,4.5,334g,g,Banana,2.72,USA,custom
Mutant MASS Extreme Gainer - Triple Chocolate 6lb,Mutant,6.27934E+11,Mass Gainer,1100,56,182,12,280g,g,Triple Chocolate,2.72,USA,custom
Mutant MASS Extreme Gainer - Cookies & Cream 6lb,Mutant,6.27934E+11,Mass Gainer,1100,56,182,12,280g,g,Cookies & Cream,2.72,USA,custom
Dymatize Super Mass Gainer - Gourmet Vanilla 6lb,Dymatize,7.05017E+11,Mass Gainer,1280,52,246,10,336g,g,Gourmet Vanilla,2.72,USA,custom
Rivalus Clean Gainer - Vanilla Milkshake 10lb,Rivalus,8.71886E+11,Mass Gainer,560,30,90,7,163g,g,Vanilla Milkshake,4.54,USA,custom
MuscleTech Mass Tech Extreme 2000 - Vanilla Milkshake 22lb,MuscleTech,6.31657E+11,Mass Gainer,2000,80,401,9,585g,g,Vanilla Milkshake,9.98,USA,custom
Allmax Nutrition QuickMass Rapid Mass Gain Catalyst - Chocolate 6lb,Allmax,6.65553E+11,Mass Gainer,1010,70,160,9,270g,g,Chocolate,2.72,USA,custom
Universal Nutrition Real Gains Mass Gainer - Chocolate Milk 6.85lb,Universal Nutrition,39442024428,Mass Gainer,600,53,83,8,169g,g,Chocolate Milk,3.1,USA,custom
Quest Protein Bar - Mint Chocolate Chunk 12 count,Quest Nutrition,8.88849E+11,Protein Bar,180,21,24,8,60g,g,Mint Chocolate Chunk,0.72,USA,custom
Quest Protein Bar - White Chocolate Raspberry 12 count,Quest Nutrition,8.88849E+11,Protein Bar,180,21,24,8,60g,g,White Chocolate Raspberry,0.72,USA,custom
Quest Protein Bar - Double Chocolate Chunk 12 count,Quest Nutrition,8.88849E+11,Protein Bar,180,21,24,9,60g,g,Double Chocolate Chunk,0.72,USA,custom
Quest Protein Bar - Banana Caramel 12 count,Quest Nutrition,8.88849E+11,Protein Bar,180,21,25,8,60g,g,Banana Caramel,0.72,USA,custom
RXBAR Apple Cinnamon 12 count,RXBAR,8.6E+11,Protein Bar,210,12,23,8,52g,g,Apple Cinnamon,0.62,USA,custom
RXBAR Coconut Chocolate 12 count,RXBAR,8.6E+11,Protein Bar,200,12,24,9,52g,g,Coconut Chocolate,0.62,USA,custom
RXBAR Mixed Berry 12 count,RXBAR,8.6E+11,Protein Bar,200,12,24,8,52g,g,Mixed Berry,0.62,USA,custom
One Protein Bar - Maple Glazed Doughnut 12 count,ONE Brands,8.56411E+11,Protein Bar,220,20,22,7,60g,g,Maple Glazed Doughnut,0.72,USA,custom
One Protein Bar - Chocolate Brownie 12 count,ONE Brands,8.56411E+11,Protein Bar,220,20,22,8,60g,g,Chocolate Brownie,0.72,USA,custom
Think! High Protein Bar - Brownie Crunch 10 count,think!,7.22252E+11,Protein Bar,230,20,22,8,60g,g,Brownie Crunch,0.6,USA,custom
Think! High Protein Bar - White Chocolate 10 count,think!,7.22252E+11,Protein Bar,230,20,22,8,60g,g,White Chocolate,0.6,USA,custom
Clif Builder's Protein Bar - Vanilla Almond 12 count,Clif Bar,7.22252E+11,Protein Bar,290,20,30,10,68g,g,Vanilla Almond,0.82,USA,custom
Clif Builder's Protein Bar - Peanut Butter 12 count,Clif Bar,7.22252E+11,Protein Bar,290,20,29,11,68g,g,Peanut Butter,0.82,USA,custom
Pure Protein Bar - Chocolate Peanut Caramel 12 count,Pure Protein,7.49826E+11,Protein Bar,190,20,17,6,50g,g,Chocolate Peanut Caramel,0.6,USA,custom
Pure Protein Bar - Birthday Cake 12 count,Pure Protein,7.49826E+11,Protein Bar,190,20,18,6,50g,g,Birthday Cake,0.6,USA,custom
Power Crunch Proto Whey Bar - Cookies & Cream 12 count,Power Crunch,6.44225E+11,Protein Bar,200,13,10,12,40g,g,Cookies & Cream,0.48,USA,custom
Power Crunch Proto Whey Bar - Triple Chocolate 12 count,Power Crunch,6.44225E+11,Protein Bar,200,13,10,12,40g,g,Triple Chocolate,0.48,USA,custom
Kirkland Signature Protein Bar - Chocolate Chip Cookie Dough 20 count,Kirkland Signature,96619247165,Protein Bar,190,21,22,7,60g,g,Chocolate Chip Cookie Dough,1.2,USA,custom
Costco Member's Mark Protein Bar - Chocolate Caramel 15 count,Member's Mark,78742364506,Protein Bar,200,20,21,7,58g,g,Chocolate Caramel,0.87,USA,custom
No Cow Bar - Chocolate Fudge Brownie 12 count,No Cow,8.52246E+11,Protein Bar,190,21,25,7,60g,g,Chocolate Fudge Brownie,0.72,USA,custom
No Cow Bar - Lemon Meringue 12 count,No Cow,8.52246E+11,Protein Bar,190,21,24,7,60g,g,Lemon Meringue,0.72,USA,custom
Garden of Life Sport Organic Plant Protein - Chocolate 28 servings,Garden of Life,6.5801E+11,Plant Protein,160,30,8,3,44g,g,Chocolate,1.23,USA,custom
Garden of Life Sport Organic Plant Protein - Vanilla 28 servings,Garden of Life,6.5801E+11,Plant Protein,150,30,7,3,43g,g,Vanilla,1.2,USA,custom
Vega One All-in-One Protein Shake - Chocolate 30 servings,Vega,8.38766E+11,Plant Protein,160,20,14,6,41g,g,Chocolate,1.23,USA,custom
Vega One All-in-One Protein Shake - Vanilla 30 servings,Vega,8.38766E+11,Plant Protein,150,20,12,5,41g,g,Vanilla,1.23,USA,custom
Orgain Organic Plant Based Protein - Iced Coffee 2lb,Orgain,8.5177E+11,Plant Protein,150,21,15,4,46g,g,Iced Coffee,0.91,USA,custom
Orgain Organic Plant Based Protein - Peanut Butter 2lb,Orgain,8.5177E+11,Plant Protein,150,21,15,4,46g,g,Peanut Butter,0.91,USA,custom
Bob's Red Mill Pea Protein Powder - Unflavoured 16oz,Bob's Red Mill,39978009456,Plant Protein,120,24,2,2,28g,g,Unflavoured,0.45,USA,custom
Aloha Organic Protein - Chocolate Fudge 15 servings,Aloha,8.59612E+11,Plant Protein,150,18,14,5,38g,g,Chocolate Fudge,0.57,USA,custom
Aloha Organic Protein - Vanilla 15 servings,Aloha,8.59612E+11,Plant Protein,150,18,13,5,38g,g,Vanilla,0.57,USA,custom
PlantFusion Complete Plant Protein - Chocolate 2lb,PlantFusion,8.19453E+11,Plant Protein,160,21,12,4,41g,g,Chocolate,0.91,USA,custom
KOS Organic Plant Protein - Chocolate Mousse 1.2lb,KOS,8.50011E+11,Plant Protein,170,20,12,5,39g,g,Chocolate Mousse,0.54,USA,custom
Nuzest Clean Lean Protein - Rich Chocolate 2.2lb,Nuzest,8.5001E+11,Plant Protein,100,20,2,2,25g,g,Rich Chocolate,1,USA,custom
Slim-Fast Advanced Nutrition Shake - Creamy Chocolate 11 fl oz 24 pack,SlimFast,70640041205,Meal Replacement,180,20,19,6,325ml,ml,Creamy Chocolate,7.8,USA,custom
Slim-Fast Advanced Nutrition Shake - Vanilla Cream 11 fl oz 24 pack,SlimFast,70640041212,Meal Replacement,180,20,19,6,325ml,ml,Vanilla Cream,7.8,USA,custom
Atkins Protein-Rich Shake - Milk Chocolate Delight 11 fl oz 15 pack,Atkins,6.3748E+11,Meal Replacement,160,15,3,9,325ml,ml,Milk Chocolate Delight,4.88,USA,custom
Atkins Protein-Rich Shake - French Vanilla 11 fl oz 15 pack,Atkins,6.3748E+11,Meal Replacement,160,15,3,9,325ml,ml,French Vanilla,4.88,USA,custom
Ample Meal Replacement - Original 15 servings,Ample,8.60001E+11,Meal Replacement,400,27,25,24,100g,g,Original,1.5,USA,custom
Ritual Essential for Men Multivitamin 18+ 60 capsules,Ritual,8.51264E+11,Multivitamin,0,0,0,0,2 capsules,capsules,N/A,0.09,USA,custom
Ritual Essential for Women Multivitamin 18+ 60 capsules,Ritual,8.51264E+11,Multivitamin,0,0,0,0,2 capsules,capsules,N/A,0.09,USA,custom
GNC Mega Men Sport Multivitamin 90 caplets,GNC,48107148324,Multivitamin,5,0,0,0,2 caplets,caplets,N/A,0.135,USA,custom
Controlled Labs Orange Triad Multivitamin 270 tablets,Controlled Labs,8.95328E+11,Multivitamin,0,0,0,0,6 tablets,tablets,N/A,0.4,USA,custom
Nutrex Research Vitadapt Sport Multivitamin 90 tablets,Nutrex Research,8.57961E+11,Multivitamin,0,0,0,0,3 tablets,tablets,N/A,0.135,USA,custom
One A Day Men's Pro Edge Sport Multivitamin 80 tablets,One A Day,16500574300,Multivitamin,0,0,0,0,1 tablet,tablets,N/A,0.12,USA,custom
Centrum Silver Men 50+ Multivitamin 200 tablets,Centrum,3.00055E+11,Multivitamin,0,0,0,0,1 tablet,tablets,N/A,0.3,USA,custom
Liquid IV Hydration Multiplier - Watermelon 30 count,Liquid I.V.,8.5177E+11,Electrolytes,45,0,11,0,16g,g,Watermelon,0.48,USA,custom
Liquid IV Hydration Multiplier - Strawberry 30 count,Liquid I.V.,8.5177E+11,Electrolytes,45,0,11,0,16g,g,Strawberry,0.48,USA,custom
Liquid IV Hydration Multiplier - Acai Berry 30 count,Liquid I.V.,8.5177E+11,Electrolytes,45,0,11,0,16g,g,Acai Berry,0.48,USA,custom
LMNT Recharge Electrolyte Drink Mix - Citrus Salt 30 count,LMNT,8.5001E+11,Electrolytes,10,0,2,0,6g,g,Citrus Salt,0.18,USA,custom
LMNT Recharge Electrolyte Drink Mix - Watermelon Salt 30 count,LMNT,8.5001E+11,Electrolytes,10,0,2,0,6g,g,Watermelon Salt,0.18,USA,custom
Nuun Sport Electrolyte Tablets - Strawberry Lemonade 4 pack,Nuun,8.9118E+11,Electrolytes,15,0,4,0,1 tablet,tablets,Strawberry Lemonade,0.04,USA,custom
Nuun Sport Electrolyte Tablets - Orange 4 pack,Nuun,8.9118E+11,Electrolytes,15,0,4,0,1 tablet,tablets,Orange,0.04,USA,custom
Gatorade Thirst Quencher Powder - Lemon Lime 76.5oz,Gatorade,52000115046,Electrolytes,80,0,22,0,36g,g,Lemon Lime,2.17,USA,custom
Pedialyte Electrolyte Powder - Grape 18 packets,Pedialyte,50400044048,Electrolytes,25,0,6,0,9g,g,Grape,0.162,USA,custom
Pedialyte Electrolyte Powder - Cherry Punch 18 packets,Pedialyte,50400044055,Electrolytes,25,0,6,0,9g,g,Cherry Punch,0.162,USA,custom
Celsius Sparkling Tropical Vibe 12 fl oz 12 pack,Celsius,8.89392E+11,Energy Drink,10,0,2,0,355ml,ml,Sparkling Tropical Vibe,4.26,USA,custom
Celsius Sparkling Kiwi Guava 12 fl oz 12 pack,Celsius,8.89392E+11,Energy Drink,10,0,2,0,355ml,ml,Sparkling Kiwi Guava,4.26,USA,custom
Ghost Energy - Swedish Fish 16 fl oz 12 pack,Ghost,8.5001E+11,Energy Drink,5,0,1,0,473ml,ml,Swedish Fish,5.68,USA,custom
C4 Energy Carbonated - Strawberry Watermelon Ice 16 fl oz 12 pack,Cellucor,8.1039E+11,Energy Drink,0,0,0,0,473ml,ml,Strawberry Watermelon Ice,5.68,USA,custom
C4 Energy Carbonated - Frozen Bombsicle 16 fl oz 12 pack,Cellucor,8.1039E+11,Energy Drink,0,0,0,0,473ml,ml,Frozen Bombsicle,5.68,USA,custom
Alani Nu Energy Drink - Hawaiian Shaved Ice 12 fl oz 12 pack,Alani Nu,8.50018E+11,Energy Drink,10,0,3,0,355ml,ml,Hawaiian Shaved Ice,4.26,USA,custom
Alani Nu Energy Drink - Cherry Slush 12 fl oz 12 pack,Alani Nu,8.50018E+11,Energy Drink,10,0,3,0,355ml,ml,Cherry Slush,4.26,USA,custom
Alani Nu Energy Drink - Breezeberry 12 fl oz 12 pack,Alani Nu,8.50018E+11,Energy Drink,10,0,3,0,355ml,ml,Breezeberry,4.26,USA,custom
Monster Energy Ultra Fiesta Mango 16 fl oz 24 pack,Monster Beverage,70847012037,Energy Drink,10,0,3,0,473ml,ml,Ultra Fiesta Mango,11.36,USA,custom
Reign Total Body Fuel - Melon Mania 16 fl oz 12 pack,Reign,6.1127E+11,Energy Drink,10,0,3,0,473ml,ml,Melon Mania,5.68,USA,custom
Kaizen Naturals Whey Protein - Chocolate 2lb,Kaizen Naturals,60822000015,Whey Protein,130,25,3,2,35g,g,Chocolate,0.91,Canada,custom
Kaizen Naturals Whey Protein - Vanilla 2lb,Kaizen Naturals,60822000022,Whey Protein,130,25,3,2,35g,g,Vanilla,0.91,Canada,custom
Kaizen Naturals Whey Protein - Unflavoured 2lb,Kaizen Naturals,60822000039,Whey Protein,120,25,2,2,33g,g,Unflavoured,0.91,Canada,custom
Kaizen Naturals Creatine Monohydrate 400g,Kaizen Naturals,60822000046,Creatine,0,0,0,0,5g,g,Unflavoured,0.4,Canada,custom
Vega Sport Premium Protein - Berry 4lb,Vega,8.38766E+11,Plant Protein,160,30,7,3.5,43g,g,Berry,1.81,Canada,custom
Vega Protein & Greens - Chocolate 1.7lb,Vega,8.38766E+11,Plant Protein,120,20,8,3,34g,g,Chocolate,0.77,Canada,custom
Vega Protein & Greens - Vanilla 1.7lb,Vega,8.38766E+11,Plant Protein,120,20,8,3,34g,g,Vanilla,0.77,Canada,custom
Allmax Nutrition IsoFlex Whey Protein Isolate - Vanilla 5lb,Allmax,6.65553E+11,Whey Protein Isolate,110,27,1,0,30g,g,Vanilla,2.27,Canada,custom
Allmax Nutrition IsoFlex Whey Protein Isolate - Cookies & Cream 5lb,Allmax,6.65553E+11,Whey Protein Isolate,110,27,1,0,30g,g,Cookies & Cream,2.27,Canada,custom
Allmax Nutrition IMPACT Whey Protein - Chocolate Peanut Butter 5lb,Allmax,6.65553E+11,Whey Protein,130,27,3,2,35g,g,Chocolate Peanut Butter,2.27,Canada,custom
Allmax Nutrition IMPACT Whey Protein - Vanilla Peanut Butter 5lb,Allmax,6.65553E+11,Whey Protein,130,27,3,2,35g,g,Vanilla Peanut Butter,2.27,Canada,custom
Allmax Nutrition HEXAPRO Protein Blend - Salted Caramel Pretzel 5lb,Allmax,6.65553E+11,Whey Protein Blend,140,25,6,4,40g,g,Salted Caramel Pretzel,2.27,Canada,custom
Mutant WHEY Protein - Canadian Maple Donut 5lb,Mutant,6.27934E+11,Whey Protein,150,22,8,4,42g,g,Canadian Maple Donut,2.27,Canada,custom
Mutant WHEY Protein - Peanut Butter Cookie 5lb,Mutant,6.27934E+11,Whey Protein,160,22,9,5,42g,g,Peanut Butter Cookie,2.27,Canada,custom
Mutant MASS Extreme Gainer - Strawberry 6lb,Mutant,6.27934E+11,Mass Gainer,1100,56,182,12,280g,g,Strawberry,2.72,Canada,custom
Rivalus Promasil - Vanilla 2lb,Rivalus,8.71886E+11,Whey Protein Blend,130,25,4,2,33g,g,Vanilla,0.91,Canada,custom
Rivalus Promasil - Rocky Road 2lb,Rivalus,8.71886E+11,Whey Protein Blend,130,25,4,2,33g,g,Rocky Road,0.91,Canada,custom
Inner Armour Blue Whey Protein - Chocolate 2lb,Inner Armour,8.29224E+11,Whey Protein,130,26,3,2,35g,g,Chocolate,0.91,Canada,custom
Inner Armour Blue Whey Protein - Vanilla 2lb,Inner Armour,8.29224E+11,Whey Protein,130,26,3,2,35g,g,Vanilla,0.91,Canada,custom
Genuine Health Fermented Greek Yogurt Protein - Vanilla 18 servings,Genuine Health,6.2465E+11,Whey Protein,100,20,4,0,28g,g,Vanilla,0.5,Canada,custom
Genuine Health Fermented Vegan Protein+ - Chocolate 15 servings,Genuine Health,6.2465E+11,Plant Protein,130,20,11,3,38g,g,Chocolate,0.57,Canada,custom
NutraBio Pre-Workout - Sucker Punch 20 servings,NutraBio,6.49908E+11,Pre-Workout,10,0,2,0,19g,g,Sucker Punch,0.38,Canada,custom
Popeye's Supplements Creatine Monohydrate 1kg,Popeye's,67878000018,Creatine,0,0,0,0,5g,g,Unflavoured,1,Canada,custom
Prolab Creatine Monohydrate 1kg,Prolab,94922080028,Creatine,0,0,0,0,5g,g,Unflavoured,1,Canada,custom
North Coast Naturals Hydrolyzed Whey Protein - Chocolate 840g,North Coast Naturals,60822100013,Whey Protein Hydrolysate,120,26,2,1,30g,g,Chocolate,0.84,Canada,custom
North Coast Naturals Ultimate Iso Whey - Vanilla 840g,North Coast Naturals,60822100020,Whey Protein Isolate,110,26,1,0,30g,g,Vanilla,0.84,Canada,custom
Magnum Nutraceuticals Quattro Protein - Peanut Butter Banana 4lb,Magnum Nutraceuticals,6.18742E+11,Whey Protein Blend,140,24,5,3,40g,g,Peanut Butter Banana,1.81,Canada,custom
Magnum Nutraceuticals Primer Pre Workout - Fruit Punch 20 servings,Magnum Nutraceuticals,6.18742E+11,Pre-Workout,10,0,2,0,16g,g,Fruit Punch,0.32,Canada,custom
Protein World Slender Blend - Chocolate 1.2kg,Protein World,5.06046E+12,Whey Protein Blend,153,25,9,3,40g,g,Chocolate,1.2,UAE,custom
Protein World Slender Blend - Vanilla 1.2kg,Protein World,5.06046E+12,Whey Protein Blend,148,25,8,3,40g,g,Vanilla,1.2,UAE,custom
Protein World Slender Blend - Salted Caramel 1.2kg,Protein World,5.06046E+12,Whey Protein Blend,153,25,9,3,40g,g,Salted Caramel,1.2,UAE,custom
Gaspari Nutrition Myofusion Elite - Chocolate Peanut Butter 2lb,Gaspari Nutrition,6.46511E+11,Whey Protein Blend,130,25,5,2.5,35g,g,Chocolate Peanut Butter,0.91,UAE,custom
Gaspari Nutrition Myofusion Elite - Vanilla Bean 2lb,Gaspari Nutrition,6.46511E+11,Whey Protein Blend,130,25,5,2.5,35g,g,Vanilla Bean,0.91,UAE,custom
Gaspari Nutrition SuperPump Max - Watermelon 40 servings,Gaspari Nutrition,6.46511E+11,Pre-Workout,10,0,2,0,14g,g,Watermelon,0.56,UAE,custom
Applied Nutrition Critical Whey - Chocolate Milkshake 2kg,Applied Nutrition,5.05637E+12,Whey Protein,122,23,3.5,2.5,34g,g,Chocolate Milkshake,2,UAE,custom
Applied Nutrition Critical Whey - Vanilla Ice Cream 2kg,Applied Nutrition,5.05637E+12,Whey Protein,122,23,3.5,2.5,34g,g,Vanilla Ice Cream,2,UAE,custom
Applied Nutrition Critical Whey - Strawberry Milkshake 2kg,Applied Nutrition,5.05637E+12,Whey Protein,122,23,3.5,2.5,34g,g,Strawberry Milkshake,2,UAE,custom
Applied Nutrition Critical Whey - Unflavoured 2kg,Applied Nutrition,5.05637E+12,Whey Protein,110,24,1.5,2,34g,g,Unflavoured,2,UAE,custom
Applied Nutrition ISO-XP Whey Isolate - Chocolate Dessert 1kg,Applied Nutrition,5.05637E+12,Whey Protein Isolate,106,26,0.5,0.5,28g,g,Chocolate Dessert,1,UAE,custom
Applied Nutrition ISO-XP Whey Isolate - Peach Tea 1kg,Applied Nutrition,5.05637E+12,Whey Protein Isolate,106,26,0.5,0.5,28g,g,Peach Tea,1,UAE,custom
Applied Nutrition ISO-XP Whey Isolate - Mixed Berry 1kg,Applied Nutrition,5.05637E+12,Whey Protein Isolate,106,26,0.5,0.5,28g,g,Mixed Berry,1,UAE,custom
Applied Nutrition ABE Pre Workout - Tropical 30 servings,Applied Nutrition,5.05637E+12,Pre-Workout,30,0,6,0,12g,g,Tropical,0.36,UAE,custom
Applied Nutrition ABE Pre Workout - Ice Blue Razz 30 servings,Applied Nutrition,5.05637E+12,Pre-Workout,30,0,6,0,12g,g,Ice Blue Razz,0.36,UAE,custom
Applied Nutrition ABE Pre Workout - Fruit Candy 30 servings,Applied Nutrition,5.05637E+12,Pre-Workout,30,0,6,0,12g,g,Fruit Candy,0.36,UAE,custom
Applied Nutrition BCAA Amino Hydrate - Cola Lime 32 servings,Applied Nutrition,5.05637E+12,BCAA,10,6,1,0,11g,g,Cola Lime,0.352,UAE,custom
Applied Nutrition BCAA Amino Hydrate - Cherry Blast 32 servings,Applied Nutrition,5.05637E+12,BCAA,10,6,1,0,11g,g,Cherry Blast,0.352,UAE,custom
Applied Nutrition Critical Mass - Chocolate 2.45kg,Applied Nutrition,5.05637E+12,Mass Gainer,460,35,69,5,115g,g,Chocolate,2.45,UAE,custom
Applied Nutrition Critical Mass - Strawberry 2.45kg,Applied Nutrition,5.05637E+12,Mass Gainer,460,35,69,5,115g,g,Strawberry,2.45,UAE,custom
Mammoth Supply Co. Whey - Chocolate Peanut Butter 2lb,Mammoth Supply Co.,66552000015,Whey Protein,130,25,4,2.5,35g,g,Chocolate Peanut Butter,0.91,UAE,custom
Nutrabay Gold 100% Whey Protein Isolate - Cafe Latte 1kg,Nutrabay,8.90607E+12,Whey Protein Isolate,113,27,0.5,0.5,30g,g,Cafe Latte,1,UAE,custom
MuscleTech Nitro-Tech Power - Raspberry Lemonade 2lb,MuscleTech,6.31657E+11,Whey Protein,180,30,8,4,50g,g,Raspberry Lemonade,0.91,UAE,custom
ON Gold Standard Whey - Birthday Cake 2lb,Optimum Nutrition,7.48927E+11,Whey Protein,120,24,3,1.5,31g,g,Birthday Cake,0.91,UAE,custom
Dymatize ISO100 Hydrolyzed Whey - Cocoa Pebbles 5lb,Dymatize,7.05016E+11,Whey Protein Isolate,110,25,2,0.5,29g,g,Cocoa Pebbles,2.27,UAE,custom
BSN N.O.-Xplode Pre Workout - Watermelon 30 servings,BSN,8.34266E+11,Pre-Workout,25,0,5,0,18g,g,Watermelon,0.54,UAE,custom
BSN N.O.-Xplode Pre Workout - Fruit Punch 30 servings,BSN,8.34266E+11,Pre-Workout,25,0,5,0,18g,g,Fruit Punch,0.54,UAE,custom
Scitec Nutrition 100% Whey Protein Professional - Chocolate 2.35kg,Scitec Nutrition,5.9991E+12,Whey Protein,135,22,7,3.5,35g,g,Chocolate,2.35,UAE,custom
Scitec Nutrition 100% Whey Protein Professional - Vanilla 2.35kg,Scitec Nutrition,5.9991E+12,Whey Protein,135,22,7,3.5,35g,g,Vanilla,2.35,UAE,custom
Scitec Nutrition 100% Whey Protein Professional - Strawberry White Chocolate 2.35kg,Scitec Nutrition,5.9991E+12,Whey Protein,135,22,7,3.5,35g,g,Strawberry White Chocolate,2.35,UAE,custom
Scitec Nutrition BCAA Xpress - Pineapple Mango 700g,Scitec Nutrition,5.9991E+12,BCAA,20,5,1,0,7g,g,Pineapple Mango,0.7,UAE,custom
Scitec Nutrition Creatine Monohydrate 1kg,Scitec Nutrition,5.9991E+12,Creatine,0,0,0,0,5g,g,Unflavoured,1,UAE,custom
Gold's Gym Premium Whey Protein - Chocolate 2lb,Gold's Gym,8.59005E+11,Whey Protein,130,25,4,2,35g,g,Chocolate,0.91,UAE,custom
Gold's Gym Premium Whey Protein - Vanilla 2lb,Gold's Gym,8.59005E+11,Whey Protein,130,25,4,2,35g,g,Vanilla,0.91,UAE,custom
MyProtein Impact Whey Protein - Cookies & Cream 2.5kg,MyProtein,5.05553E+12,Whey Protein,103,21,1.9,1.9,25g,g,Cookies & Cream,2.5,UAE,custom
MyProtein Impact Whey Protein - Strawberries & Cream 2.5kg,MyProtein,5.05553E+12,Whey Protein,103,21,1.9,1.9,25g,g,Strawberries & Cream,2.5,UAE,custom
MyProtein THE Whey - Chocolate Caramel 1.5kg,MyProtein,5.05553E+12,Whey Protein Isolate,110,26,1.5,1,30g,g,Chocolate Caramel,1.5,UAE,custom
MyProtein THE Whey - White Chocolate 1.5kg,MyProtein,5.05553E+12,Whey Protein Isolate,110,26,1.5,1,30g,g,White Chocolate,1.5,UAE,custom
Grenade Carb Killa Bar - Cookie Dough 12 count,Grenade,5.06041E+12,Protein Bar,215,23,17,7,60g,g,Cookie Dough,0.72,UAE,custom
Grenade Carb Killa Bar - Peanut Nutter 12 count,Grenade,5.06041E+12,Protein Bar,219,23,16,8,60g,g,Peanut Nutter,0.72,UAE,custom
Grenade Carb Killa Bar - White Chocolate Cookie 12 count,Grenade,5.06041E+12,Protein Bar,220,23,17,7,60g,g,White Chocolate Cookie,0.72,UAE,custom
Fulfil Vitamin & Protein Bar - Peanut Butter & Chocolate 15 count,Fulfil,5.06056E+12,Protein Bar,195,21,14,7,55g,g,Peanut Butter & Chocolate,0.83,UAE,custom
Fulfil Vitamin & Protein Bar - Hazelnut & Chocolate 15 count,Fulfil,5.06056E+12,Protein Bar,192,21,13,7,55g,g,Hazelnut & Chocolate,0.83,UAE,custom
PhD Smart Bar - Chocolate Brownie 12 count,PhD Nutrition,5.06029E+12,Protein Bar,215,20,21,7,64g,g,Chocolate Brownie,0.77,UAE,custom
PhD Smart Bar - Salted Caramel 12 count,PhD Nutrition,5.06029E+12,Protein Bar,219,20,22,7,64g,g,Salted Caramel,0.77,UAE,custom
PHD Nutrition Diet Whey Protein Powder - Chocolate Fudge 1kg,PhD Nutrition,5.06029E+12,Whey Protein,109,17,5,3.5,30g,g,Chocolate Fudge,1,UAE,custom
PHD Nutrition Diet Whey Protein Powder - Vanilla Crème 1kg,PhD Nutrition,5.06029E+12,Whey Protein,109,17,5,3.5,30g,g,Vanilla Crème,1,UAE,custom
Prozis 100% Whey Protein - Chocolate 2kg,Prozis,5.60028E+12,Whey Protein,119,23,3,2.5,30g,g,Chocolate,2,UAE,custom
Prozis 100% Whey Protein - Vanilla 2kg,Prozis,5.60028E+12,Whey Protein,119,23,3,2.5,30g,g,Vanilla,2,UAE,custom
Prozis Creatine Monohydrate 500g,Prozis,5.60028E+12,Creatine,0,0,0,0,5g,g,Unflavoured,0.5,UAE,custom
Prozis Pre Workout - Watermelon 25 servings,Prozis,5.60028E+12,Pre-Workout,10,0,2,0,9.5g,g,Watermelon,0.24,UAE,custom
Gaspari Nutrition Proven Whey - Chocolate Milkshake 2lb,Gaspari Nutrition,6.46511E+11,Whey Protein,130,25,4,2,34g,g,Chocolate Milkshake,0.91,UAE,custom
Optimum Nutrition Pro Gainer - Chocolate Shake 10.19lb,Optimum Nutrition,7.48927E+11,Mass Gainer,650,60,85,8,165g,g,Chocolate Shake,4.62,UAE,custom
BSN SYNTHA-6 EDGE Protein Powder - Peanut Butter Cookie 4lb,BSN,8.34266E+11,Whey Protein Blend,140,24,6,3,38g,g,Peanut Butter Cookie,1.81,UAE,custom
QNT Delicious Whey Protein - Double Chocolate 2.2kg,QNT,5.41048E+12,Whey Protein,130,22,6,3,35g,g,Double Chocolate,2.2,UAE,custom
QNT Protein Bar - Cookies & Cream 12 count,QNT,5.41048E+12,Protein Bar,195,20,17,6,60g,g,Cookies & Cream,0.72,UAE,custom
Reflex Nutrition Instant Whey PRO - Double Chocolate 2.2kg,Reflex Nutrition,5.03258E+12,Whey Protein,121,25,3,1.5,31g,g,Double Chocolate,2.2,UAE,custom
Reflex Nutrition Instant Whey PRO - Strawberry 2.2kg,Reflex Nutrition,5.03258E+12,Whey Protein,121,25,3,1.5,31g,g,Strawberry,2.2,UAE,custom
MuscleBlaze Whey Protein Pro - Chocolate 1kg,MuscleBlaze,8.90606E+12,Whey Protein,120,25,2.6,1.7,33g,g,Chocolate,1,India,custom
MuscleBlaze Whey Protein Pro - Chocolate 2kg,MuscleBlaze,8.90606E+12,Whey Protein,120,25,2.6,1.7,33g,g,Chocolate,2,India,custom
MuscleBlaze Biozyme Whey Performance - Cafe Mocha 2kg,MuscleBlaze,8.90606E+12,Whey Protein,122,25,2.5,1.6,33g,g,Cafe Mocha,2,India,custom
MuscleBlaze Biozyme Whey Performance - Cookies & Cream 1kg,MuscleBlaze,8.90606E+12,Whey Protein,122,25,2.5,1.6,33g,g,Cookies & Cream,1,India,custom
MuscleBlaze Whey Isolate Pro - Unflavoured 1kg,MuscleBlaze,8.90606E+12,Whey Protein Isolate,112,27,0.5,0.3,30g,g,Unflavoured,1,India,custom
MuscleBlaze Whey Isolate Pro - Chocolate 1kg,MuscleBlaze,8.90606E+12,Whey Protein Isolate,112,27,0.5,0.3,30g,g,Chocolate,1,India,custom
MuscleBlaze Pre Workout 200 - Green Apple 250g,MuscleBlaze,8.90606E+12,Pre-Workout,15,0,3,0,10g,g,Green Apple,0.25,India,custom
MuscleBlaze Pre Workout 200 - Berry Blast 250g,MuscleBlaze,8.90606E+12,Pre-Workout,15,0,3,0,10g,g,Berry Blast,0.25,India,custom
MuscleBlaze Super BCAA PRO - Watermelon 450g,MuscleBlaze,8.90606E+12,BCAA,20,6,1,0,14g,g,Watermelon,0.45,India,custom
MuscleBlaze Super BCAA PRO - Pineapple 450g,MuscleBlaze,8.90606E+12,BCAA,20,6,1,0,14g,g,Pineapple,0.45,India,custom
AS-IT-IS Whey Protein Isolate 90% 1kg,AS-IT-IS Nutrition,8.90605E+12,Whey Protein Isolate,110,27,0.5,0.5,30g,g,Unflavoured,1,India,custom
AS-IT-IS Pea Protein Isolate 500g,AS-IT-IS Nutrition,8.90605E+12,Plant Protein,100,23,1,0.5,25g,g,Unflavoured,0.5,India,custom
AS-IT-IS L-Glutamine 500g,AS-IT-IS Nutrition,8.90605E+12,Glutamine,0,0,0,0,5g,g,Unflavoured,0.5,India,custom
AS-IT-IS BCAA 2:1:1 Powder 250g,AS-IT-IS Nutrition,8.90605E+12,BCAA,20,5,0,0,5g,g,Unflavoured,0.25,India,custom
Nutrabay Gold Whey Protein Isolate - Chocolate 1kg,Nutrabay,8.90607E+12,Whey Protein Isolate,113,27,0.5,0.5,30g,g,Chocolate,1,India,custom
Nutrabay Gold Whey Protein Isolate - Vanilla 1kg,Nutrabay,8.90607E+12,Whey Protein Isolate,113,27,0.5,0.5,30g,g,Vanilla,1,India,custom
Nutrabay Gold Whey Protein Concentrate 80% - Chocolate 1kg,Nutrabay,8.90607E+12,Whey Protein,122,24,3,2,33g,g,Chocolate,1,India,custom
Nutrabay Gold Whey Protein Concentrate 80% - Vanilla 1kg,Nutrabay,8.90607E+12,Whey Protein,122,24,3,2,33g,g,Vanilla,1,India,custom
Nutrabay Gold BCAA 8:1:1 - Cola 450g,Nutrabay,8.90607E+12,BCAA,20,8,1,0,15g,g,Cola,0.45,India,custom
Nutrabay Wellness Ashwagandha KSM-66 600mg 60 capsules,Nutrabay,8.90607E+12,Herbal Supplement,0,0,0,0,1 capsule,capsules,N/A,0.045,India,custom
Avvatar Isorich Whey Protein Isolate - Unflavoured 1kg,Avvatar,8.9061E+12,Whey Protein Isolate,107,26,1,0.3,30g,g,Unflavoured,1,India,custom
Avvatar Isorich Whey Protein Isolate - Strawberry 1kg,Avvatar,8.9061E+12,Whey Protein Isolate,107,26,1,0.3,30g,g,Strawberry,1,India,custom
Avvatar Absolute Whey - Chocolate 2kg,Avvatar,8.9061E+12,Whey Protein,118,24,2.5,1.5,33g,g,Chocolate,2,India,custom
Nakpro Gold 100% Whey Protein Concentrate - Vanilla 1kg,Nakpro,8.90608E+12,Whey Protein,125,24,3.5,2,33g,g,Vanilla,1,India,custom
Nakpro Performance Whey Protein - Chocolate 2kg,Nakpro,8.90608E+12,Whey Protein,120,24,3,2,33g,g,Chocolate,2,India,custom
HealthKart HK Vitals Whey Protein - Vanilla 1kg,HealthKart,8.90603E+12,Whey Protein,123,25,2.9,1.8,33g,g,Vanilla,1,India,custom
HealthKart HK Vitals Plant Protein - Chocolate 500g,HealthKart,8.90603E+12,Plant Protein,115,23,3,2,30g,g,Chocolate,0.5,India,custom
Steadfast Nutrition Steadfast Power Protein - Chocolate 1kg,Steadfast Nutrition,8.90608E+12,Whey Protein,130,25,4,2,35g,g,Chocolate,1,India,custom
Steadfast Nutrition SteadFuel - Chocolate 3kg,Steadfast Nutrition,8.90608E+12,Mass Gainer,380,20,62,5,100g,g,Chocolate,3,India,custom
Abbzorb Nutrition Whey Protein - Cookies & Cream 1kg,Abbzorb Nutrition,8.90607E+12,Whey Protein,120,24,2,2,33g,g,Cookies & Cream,1,India,custom
Abbzorb Nutrition Creatine Monohydrate 300g,Abbzorb Nutrition,8.90607E+12,Creatine,0,0,0,0,5g,g,Unflavoured,0.3,India,custom
Muscle Station Creatine Monohydrate 500g,Muscle Station,8.90608E+12,Creatine,0,0,0,0,5g,g,Unflavoured,0.5,India,custom
Wellcore Creatine Monohydrate Micronized 250g,Wellcore,8.9061E+12,Creatine,0,0,0,0,5g,g,Unflavoured,0.25,India,custom
Wellcore Whey Protein Concentrate 80% - Chocolate 2kg,Wellcore,8.9061E+12,Whey Protein,120,25,2,1.5,30g,g,Chocolate,2,India,custom
Fast&Up Charge Natural Vitamin C - Orange 20 tablets,Fast&Up,8.90603E+12,Vitamins,0,0,0,0,1 tablet,tablets,Orange,0.075,India,custom
Fast&Up BCAA - Watermelon 250g,Fast&Up,8.90603E+12,BCAA,15,6,1,0,12g,g,Watermelon,0.25,India,custom
Fast&Up Recover BCAA + Creatine - Cola 250g,Fast&Up,8.90603E+12,BCAA,20,6,2,0,14g,g,Cola,0.25,India,custom
Fast&Up Activate Pre-Workout - Fruit Punch 20 tablets,Fast&Up,8.90603E+12,Pre-Workout,10,0,2,0,1 tablet,tablets,Fruit Punch,0.09,India,custom
Bigmuscles Nutrition Freak Whey Protein - Chocolate 2kg,Bigmuscles Nutrition,8.90609E+12,Whey Protein,120,24,3,2,33g,g,Chocolate,2,India,custom
Bigmuscles Nutrition Freak Whey Protein - Vanilla 1kg,Bigmuscles Nutrition,8.90609E+12,Whey Protein,120,24,3,2,33g,g,Vanilla,1,India,custom
Bigmuscles Nutrition Real Mass Gainer - Vanilla 3kg,Bigmuscles Nutrition,8.90609E+12,Mass Gainer,434,30,65,6,115g,g,Vanilla,3,India,custom
Endura Mass Weight Gainer - Vanilla 1kg,Endura,8.90121E+12,Mass Gainer,396,12,74,6,100g,g,Vanilla,1,India,custom
Endura Mass Weight Gainer - Banana 3kg,Endura,8.90121E+12,Mass Gainer,396,12,74,6,100g,g,Banana,3,India,custom
GNC Pro Performance AMP Amplified Wheybolic - Chocolate Fudge 3.7lb,GNC,48107148331,Whey Protein,150,30,5,3,44g,g,Chocolate Fudge,1.68,India,custom
Ritebite Max Protein Bar - Dark Choco 12 count,NutriBar,8.90602E+12,Protein Bar,130,10,15,4,40g,g,Dark Choco,0.48,India,custom
Ritebite Max Protein Bar - Peanut Butter 12 count,NutriBar,8.90602E+12,Protein Bar,135,10,15,5,40g,g,Peanut Butter,0.48,India,custom
MuscleBlaze Protein Cookie - Choco Chip 12 count,MuscleBlaze,8.90606E+12,Protein Food,210,20,22,7,62g,g,Choco Chip,0.744,India,custom
Unibic Protein+ Cookies - Oats & Honey 75g,Unibic,8.90155E+12,Protein Food,130,5,22,3,25g,g,Oats & Honey,0.075,India,custom
Absolute Nutrition Creatine Monohydrate 250g,Absolute Nutrition,8.90606E+12,Creatine,0,0,0,0,5g,g,Unflavoured,0.25,India,custom
Absolute Nutrition Whey Protein - Strawberry 1kg,Absolute Nutrition,8.90606E+12,Whey Protein,118,24,2.5,2,33g,g,Strawberry,1,India,custom
Myprotein Impact Whey Protein - Caramel Chocolate 1kg,MyProtein,5.05553E+12,Whey Protein,103,21,1.9,1.9,25g,g,Caramel Chocolate,1,India,custom
Myprotein Clear Whey Isolate - Mojito 500g,MyProtein,5.05553E+12,Whey Protein Isolate,90,20,1.5,0.1,25g,g,Mojito,0.5,India,custom
Myprotein Clear Whey Isolate - Peach Mango 500g,MyProtein,5.05553E+12,Whey Protein Isolate,90,20,1.5,0.1,25g,g,Peach Mango,0.5,India,custom
HealthVit Fitness 100% Whey Protein - Chocolate 1kg,HealthVit,8.90602E+12,Whey Protein,122,24,3,2,33g,g,Chocolate,1,India,custom
HealthVit Fitness 100% Whey Protein - Vanilla 1kg,HealthVit,8.90602E+12,Whey Protein,122,24,3,2,33g,g,Vanilla,1,India,custom
Isopure Low Carb Protein Powder - Pineapple Orange Banana 1kg,Isopure,89094021047,Whey Protein Isolate,100,25,1,0,28g,g,Pineapple Orange Banana,1,India,custom
ON Gold Standard Whey - Chocolate Coconut 2lb,Optimum Nutrition,7.48927E+11,Whey Protein,120,24,3,1.5,31g,g,Chocolate Coconut,0.91,India,custom
ON Gold Standard Whey - White Chocolate 2lb,Optimum Nutrition,7.48927E+11,Whey Protein,120,24,3,1.5,31g,g,White Chocolate,0.91,India,custom
MuscleBlaze Ashwagandha 1000mg 60 capsules,MuscleBlaze,8.90606E+12,Herbal Supplement,0,0,0,0,2 capsules,capsules,N/A,0.09,India,custom
MuscleBlaze Omega-3 1000mg 90 softgels,MuscleBlaze,8.90606E+12,Omega-3,10,0,0,1,1 softgel,softgels,N/A,0.135,India,custom
MuscleBlaze Vitamin D3+K2 60 tablets,MuscleBlaze,8.90606E+12,Vitamins,0,0,0,0,1 tablet,tablets,N/A,0.045,India,custom
Nutrabay Gold Multivitamin for Men 60 tablets,Nutrabay,8.90607E+12,Multivitamin,0,0,0,0,1 tablet,tablets,N/A,0.045,India,custom
Nutrabay Gold Multivitamin for Women 60 tablets,Nutrabay,8.90607E+12,Multivitamin,0,0,0,0,1 tablet,tablets,N/A,0.045,India,custom
HealthKart HK Vitals Biotin 10000mcg 60 capsules,HealthKart,8.90603E+12,Vitamins,0,0,0,0,1 capsule,capsules,N/A,0.045,India,custom
HealthKart HK Vitals Vitamin C 1000mg 60 tablets,HealthKart,8.90603E+12,Vitamins,0,0,0,0,1 tablet,tablets,N/A,0.045,India,custom
Nakpro Perform Pre Workout - Fruit Punch 200g,Nakpro,8.90608E+12,Pre-Workout,15,0,3,0,10g,g,Fruit Punch,0.2,India,custom
Nakpro Perform Pre Workout - Mango 200g,Nakpro,8.90608E+12,Pre-Workout,15,0,3,0,10g,g,Mango,0.2,India,custom
Nakpro Gold BCAA 2:1:1 Powder - Watermelon 250g,Nakpro,8.90608E+12,BCAA,20,5,0.5,0,7g,g,Watermelon,0.25,India,custom
ProN8ure (Protenure) Vanilla 1kg,Protenure,8.90603E+12,Whey Protein,115,23,2.5,2,30g,g,Vanilla,1,India,custom
ProN8ure (Protenure) Chocolate 2kg,Protenure,8.90603E+12,Whey Protein,115,23,2.5,2,30g,g,Chocolate,2,India,custom
Muscle Asylum Premium Whey Protein - Chocolate 1kg,Muscle Asylum,8.90609E+12,Whey Protein,118,24,3,2,33g,g,Chocolate,1,India,custom
Muscle Asylum Premium Whey Protein - Vanilla 1kg,Muscle Asylum,8.90609E+12,Whey Protein,118,24,3,2,33g,g,Vanilla,1,India,custom
INLIFE Whey Protein Concentrate 80% - Chocolate 500g,INLIFE,8.90601E+12,Whey Protein,120,23,3,2.5,33g,g,Chocolate,0.5,India,custom
INLIFE Creatine Monohydrate 250g,INLIFE,8.90601E+12,Creatine,0,0,0,0,5g,g,Unflavoured,0.25,India,custom
Sportyna Whey Protein - Chocolate 1kg,Sportyna,8.90609E+12,Whey Protein,119,24,2.8,2.1,33g,g,Chocolate,1,India,custom
Volt Nutrition Whey Protein - Chocolate 1kg,Volt Nutrition,8.90609E+12,Whey Protein,120,24,2.9,1.9,33g,g,Chocolate,1,India,custom
Tara Nutricare Enrich Protein Supplement - Chocolate 500g,Tara Nutricare,8.9014E+12,Whey Protein,380,16,69,4,100g,g,Chocolate,0.5,India,custom
Groviva Child Nutrition Supplement - Chocolate 400g,Groviva,8.90605E+12,Nutrition Supplement,390,14,65,8,100g,g,Chocolate,0.4,India,custom
Oziva Protein & Herbs - Chocolate 500g,OZiva,8.90607E+12,Whey Protein,100,23,2,1.5,30g,g,Chocolate,0.5,India,custom
Oziva Protein & Herbs - Vanilla 500g,OZiva,8.90607E+12,Whey Protein,100,23,2,1.5,30g,g,Vanilla,0.5,India,custom
Oziva Plant-Based Protein - Chocolate 500g,OZiva,8.90607E+12,Plant Protein,110,22,3,2,30g,g,Chocolate,0.5,India,custom
HK Vitals Mass Gainer - Chocolate 3kg,HealthKart,8.90603E+12,Mass Gainer,390,21,65,5,100g,g,Chocolate,3,India,custom
MuscleBlaze Mass Gainer XXL - Chocolate Fudge 1kg,MuscleBlaze,8.90606E+12,Mass Gainer,692,30.5,112,9,186g,g,Chocolate Fudge,1,India,custom
Muscle Asylum Mass Gainer - Chocolate 3kg,Muscle Asylum,8.90609E+12,Mass Gainer,410,25,68,5,110g,g,Chocolate,3,India,custom
Medisys Bolsone Mass Gainer - Chocolate 3kg,Medisys,8.90602E+12,Mass Gainer,385,20,63,6,100g,g,Chocolate,3,India,custom
Fast&Up Whey Protein - Chocolate 1kg,Fast&Up,8.90603E+12,Whey Protein,120,25,2.5,1.8,33g,g,Chocolate,1,India,custom
Fast&Up Whey Protein - Vanilla 1kg,Fast&Up,8.90603E+12,Whey Protein,120,25,2.5,1.8,33g,g,Vanilla,1,India,custom
RiteBite Max Protein Daily Bar - Oats & Dark Choco 6 count,NutriBar,8.90602E+12,Protein Bar,110,10,11,3,30g,g,Oats & Dark Choco,0.18,India,custom
Yoga Bar Protein Bar - Dark Chocolate 12 count,Yoga Bar,8.90608E+12,Protein Bar,185,10,23,6,50g,g,Dark Chocolate,0.6,India,custom
Yoga Bar Protein Bar - Choco Almond 12 count,Yoga Bar,8.90608E+12,Protein Bar,185,10,23,6,50g,g,Choco Almond,0.6,India,custom
The Whole Truth Protein Bar - Choco Berry 12 count,The Whole Truth,8.90609E+12,Protein Bar,187,11,22,6,52g,g,Choco Berry,0.624,India,custom
The Whole Truth Protein Bar - Peanut Butter 12 count,The Whole Truth,8.90609E+12,Protein Bar,192,11,22,7,52g,g,Peanut Butter,0.624,India,custom
Saffola Fittify Whey Protein - Chocolate 1kg,Saffola Fittify,8.90103E+12,Whey Protein,118,24,3,2.1,33g,g,Chocolate,1,India,custom
Saffola Fittify Plant Protein - Chocolate 500g,Saffola Fittify,8.90103E+12,Plant Protein,112,22,3.5,2,30g,g,Chocolate,0.5,India,custom
MuscleBlaze Protein Oats - Chocolate 1.5kg,MuscleBlaze,8.90606E+12,Protein Food,380,20,60,5,100g,g,Chocolate,1.5,India,custom
MuscleBlaze Protein Oats - Vanilla 1.5kg,MuscleBlaze,8.90606E+12,Protein Food,380,20,60,5,100g,g,Vanilla,1.5,India,custom
